,analysis_name,analysis_substrate,parameter_code,parameter_name,unit,count,System,Pleural,Pericardial,SerPla,VenoseBlood,CapillaryBlood,ArterialBlood,CSF,Blood,Plasma,Serum,Urine
133,Glükoos seljaajuvedelikust,nan,CSF-Gluc,CSF-Gluc,mmol/L,3,,False,False,False,False,False,False,True,False,False,False,False
244,Oligoklonaalsed immuunglobuliinid,nan,CSF-Ig-oligo,CSF-Ig-oligo,-,8,,False,False,False,False,False,False,True,False,False,False,False
345,Mikrobioloogia analüüs,SF - Liikvor,SXTTMP-SMX,SXT TMP-SMX,,1,,False,False,False,False,False,False,True,False,False,False,False
395,Immuunglobuliini G indeks liikvoris,nan,CSF-S-IgG-ind,CSF-IgG-ind,-,13,,False,False,False,False,False,False,True,False,False,False,False
403,Mikrobioloogilised uuringud,nan,2081,"CSF-NmgACY-Lat(Neisseria meningitidis A antigeen (latekstest, liikvorist))",,2,,False,False,False,False,False,False,True,False,False,False,False
505,Biokeemia labor,nan,10528,CSF-Gluc/S-Glu,,1,,False,False,False,False,False,False,True,False,False,False,False
539,Immuunglobuliin G indeks,nan,CSF-IgG-ind,S-IgG,g/L,3,,False,False,False,False,False,False,True,False,False,True,False
551,Leukogramm seljaajuvedelikus,nan,CSF-Diff,"MN(Lümfots.,monots.)",10^6/mikrol,2,,False,False,False,False,False,False,True,False,False,False,False
761,Puukentsefaliidi viiruse vastased IgG antikehad seljaajuvedelikus,nan,CSF-aTBEG,CSF-aTBEG,-,3,,False,False,False,False,False,False,True,False,False,False,False
811,LTKH allhanked,nan,69664,CSF Alb/ S-Alb(3. Liikvori ja seerumi valgu suhe),,1,,False,False,False,False,False,False,True,False,False,False,False
831,Liikvori analüüs,nan,CSF-Basofiilid,CSF - Basofiilid,,1,,False,False,False,False,False,False,True,False,False,False,False
919,Liikvori analüüs,Liikvor,CSF-GlucGlükoosliikvoris,CSF-Gluc Glükoos liikvoris,,13,,False,False,False,False,False,False,True,False,False,False,False
946,Biokeemia analüüs,nan,CSF-Ig-oligo,CSF-Ig-oligo,,2,,False,False,False,False,False,False,True,False,False,False,False
1097,Bakterite DNA liikvoris,nan,CSF-Bac-PCR,L monocytogenes,-,2,,False,False,False,False,False,False,True,False,False,False,False
1111,Liikvori analüüs,nan,CSF-DiffALiikvoritsütoosiuuringanalüsaatoril,CSF-DiffA Liikvori tsütoosi uuring analüsaatoril,,1,,False,False,False,False,False,False,True,False,False,False,False
1126,Glükoos liikvoris,nan,CSF-Gluk,CSF-Gluk,mmol/l,4,,False,False,False,False,False,False,True,False,False,False,False
1132,Liikvori analüüs,Liikvor,nan,CSF-IgG indeks Immuunglobuliin G indeks,,1,,False,False,False,False,False,False,True,False,False,False,False
1154,Liikvori uuringud,nan,11529,Monotsüüdid,%,12,,False,False,False,False,False,False,True,False,False,False,False
1269,Liikvori analüüs,nan,CSF-IgGImmuunglobuliinGliikvoris,CSF-IgG Immuunglobuliin G liikvoris,,1,,False,False,False,False,False,False,True,False,False,False,False
1352,Liikvori analüüs,Liikvor,Värvus,Värvus,,13,,False,False,False,False,False,False,True,False,False,False,False
1406,Liikvor,nan,CSF-Diff,<ANONYM> liikvoris,-,3,,False,False,False,False,False,False,True,False,False,False,False
1458,Liikvori analüüs,nan,CSF-Alb/S-AlbAlbumiinisuheliikvorisjaseerumis,CSF-Alb/S-Alb Albumiini suhe liikvoris ja seerumis,,1,,False,False,False,False,False,False,True,False,False,True,False
1501,Immuunglobuliin G indeks,nan,CSF-IgG-ind,CSF-Alb,mg/L,3,,False,False,False,False,False,False,True,False,False,False,False
1681,Immuunglobuliini G indeks liikvoris,nan,CSF-S-IgG-ind,S-IgG,g/l,13,,False,False,False,False,False,False,True,False,False,True,False
1699,Varicella Zosteri vastased IgG-antikehad seljaajuvedelikus,nan,CSF-aVZVG,CSF-aVZVG,-,1,,False,False,False,False,False,False,True,False,False,False,False
1747,Liikvori uuringud,nan,11536,Tsütoo,106/l,17,,False,False,False,False,False,False,True,False,False,False,False
1759,Borrelia burgdorferi vastane Ig G,nan,CSF_B_burgdorferi_IgG,CSF B burgdorferi IgG,-,2,,False,False,False,False,False,False,True,False,False,False,False
1786,Leukogramm seljaajuvedelikus,nan,CSF-Diff,RBC,10^6/mikrol,1,,False,False,False,False,False,False,True,False,False,False,False
1805,Liikvori analüüs,nan,Valkg/l,Valk g/l,,21,,False,False,False,False,False,False,True,False,False,False,False
1875,Mikrobioloogilised uuringud,nan,2082,"CSF-NmgB/E.coli-La(Neisseria meningitidis B antigeen (latekstest, liikvorist))",,1,,False,False,False,False,False,False,True,False,False,False,False
1903,Kiirtest haigustekitajate määramiseks liikvorist,nan,CSF-latekstest,Escherichia coli K1,-,1,,False,False,False,False,False,False,True,False,False,False,False
1918,Välisanalüüsid,nan,10228,CSF-TBEV Ig(Puukentsefaliidi viiruse vastane IgG),,1,,False,False,False,False,False,False,True,False,False,False,False
1957,Liikvori analüüs,Liikvor,CSF-monotsüüdid,CSF - monotsüüdid,,8,,False,False,False,False,False,False,True,False,False,False,False
2059,Liikvori uuringud,nan,11528,Makrofaagi,%,3,,False,False,False,False,False,False,True,False,False,False,False
2125,Mikrobioloogia analüüs,SF - Liikvor,Uuringueesmärk,Uuringu eesmärk,,1,,False,False,False,False,False,False,True,False,False,False,False
2266,"Herpes simplex 1, antikehad IgG ja IgM, liikvorist",nan,"CSF-HSV1-IgG,_IgM",HSV1- IgM,-,2,,False,False,False,False,False,False,True,False,False,False,False
2390,IgG indeks seljaajuvedelikus ja seerumis,nan,CSF-IgG-ind,S-IgG,g/L,8,,False,False,False,False,False,False,True,False,False,True,False
2448,LTKH allhanked,nan,69665,CSF-S-IgG-indeks(3.),,1,,False,False,False,False,False,False,True,False,False,False,False
2475,Leukotsüütide arv seljaajuvedelikus,nan,CSF-WBC,CSF-WBC,-,2,,False,False,False,False,False,False,True,False,False,False,False
2492,Immuunglobuliini G indeks liikvoris,nan,CSF-S-IgG-ind,CSF-/S-Alb suhe,-,13,,False,False,False,False,False,False,True,False,False,False,False
2550,Liikvori analüüs,nan,CSF-DiffALiikvoritsütoosiuuringanalüsaatoril,CSF-DiffA Liikvori tsütoosi uuring analüsaatoril,,46,,False,False,False,False,False,False,True,False,False,False,False
2554,IgG indeks seljaajuvedelikus ja seerumis,nan,CSF-IgG-ind,CSF-IgG,mg/L,8,,False,False,False,False,False,False,True,False,False,False,False
2656,Puukentsefaliidi viiruse vastased IgG-antikehad seljaajuvedelikus,nan,CSF-TBE_IgG,Puukentsefaliidi viiruse vastased IgG antikehad seljaajuvedelikus,,1,,False,False,False,False,False,False,True,False,False,False,False
2676,Liikvori analüüs,nan,nan,CSF-Alb,,1,,False,False,False,False,False,False,True,False,False,False,False
2686,Liikvori analüüs,nan,CSF-muudrakud,CSF - muud rakud,,2,,False,False,False,False,False,False,True,False,False,False,False
2717,"Happekindlad bakterid, mikroskoopia, seljaajuvedelikus",nan,CSF-Mycob,CSF-Mycob,-,1,,False,False,False,False,False,False,True,False,False,False,False
2782,Puukentsefaliidi viiruse vastased IgM-antikehad seljaajuvedelikus,nan,CSF-aTBEM,Puukentsefaliidi viiruse vastased IgM antikehad seljaajuvedelikus,-,2,,False,False,False,False,False,False,True,False,False,False,False
2816,TBC mikrobioloogia analüüs,SF - Liikvor,Akridiinivärving,Akridiini värving,,1,,False,False,False,False,False,False,True,False,False,False,False
2824,Liikvori analüüs,Liikvor,CSFDiffLiikvoritsütogramm(mikroskoopia),CSFDiff Liikvori tsütogramm (mikroskoopia),,8,,False,False,False,False,False,False,True,False,False,False,False
2828,Liikvori tsütogramm,nan,CSF-Diff,NEUT%,%,1,,False,False,False,False,False,False,True,False,False,False,False
2862,Liikvori uuringud,nan,11518,CSF-Glu(Glükoos liikvoris),mmol/l,17,,False,False,False,False,False,False,True,False,False,False,False
2944,Liikvori analüüs,Liikvor,nan,CSF-Ig-oligo Immuunglobuliinid (oligoklonaalsed) liikvoris,,1,,False,False,False,False,False,False,True,False,False,False,False
3044,Mikrobioloogia analüüs,SF - Liikvor,CIPTsiprofloksatsiin,CIP Tsiprofloksatsiin,,1,,False,False,False,False,False,False,True,False,False,False,False
3079,Immuunmeetoditel uuringud,nan,CSF-TBEVIgG/PuukentsefaliidiviirusevastaneIgGliikvori,CSF-TBEV IgG / Puukentsefaliidi viiruse vastane IgG liikvori,,1,,False,False,False,False,False,False,True,False,False,False,False
3090,"Borrelia burgdorferi vastased IgG antikehad, seljaajuvedelikust",nan,CSF-Borr-G,"Borrelia burgdorfevii vastased IgG antikehad, seljaajuvedelikust",-,1,,False,False,False,False,False,False,True,False,False,False,False
3199,"Seljaajuvedeliku uuring, tsütoos",nan,CSF-WBC,Neutrofiilsed leukotsüüdid,-,3,,False,False,False,False,False,False,True,False,False,False,False
3232,Borrelia burgdorferi vastane IgM,nan,CSF_B_burgdorferi_Ig_M,CSF B burgdorferi Ig M,-,2,,False,False,False,False,False,False,True,False,False,False,False
3241,Leukogramm seljaajuvedelikus,nan,CSF-Diff_,NEUT%,%,1,,False,False,False,False,False,False,True,False,False,False,False
3262,Bakterite DNA liikvoris,nan,CSF-Bac-PCR,N meningitidis,-,2,,False,False,False,False,False,False,True,False,False,False,False
3299,Mycobakterite samastamine BD2 ei leidu,nan,CSF-Mycob-BD,CSF-Mycob-BD,-,1,,False,False,False,False,False,False,True,False,False,False,False
3318,Leukogramm seljaajuvedelikus,nan,CSF-Diff,Monotsüüdid,%,1,,False,False,False,False,False,False,True,False,False,False,False
3330,Liikvori analüüs,Liikvor,Hulk,Hulk,,13,,False,False,False,False,False,False,True,False,False,False,False
3382,Välisanalüüsid,nan,10017,CSF-TBEV Ig(Puukensefaliidi viiruse vastane Ig M),,1,,False,False,False,False,False,False,True,False,False,False,False
3588,Leukogramm seljaajuvedelikus,nan,CSF-Diff,MN,%,2,,False,False,False,False,False,False,True,False,False,False,False
3635,Liikvori analüüs,nan,Fibrinoosnekile,Fibrinoosne kile,,7,,False,False,False,False,False,False,True,False,False,False,False
3724,Liikvori analüüs,Liikvor,CSF-Plasmarakud,CSF - Plasmarakud,,2,,False,False,False,False,False,False,True,False,False,False,False
3856,Liikvori analüüs,nan,PMNPolümorfonukleaarsedrakud,PMN Polümorfonukleaarsed rakud,,5,,False,False,False,False,False,False,True,False,False,False,False
3893,Liikvori uuringud,nan,11530,Muud,,12,,False,False,False,False,False,False,True,False,False,False,False
4188,Liikvori (seljaajuvedeliku) makroskoopiline või tsütoosi uuring,nan,_Liikvori_(seljaajuvedeliku)makr,Pleotsütoos,-,2,,False,False,False,False,False,False,True,False,False,False,False
4273,Liikvori analüüs,nan,Lateksaglutinatsioon,Lateks aglutinatsioon,,1,,False,False,False,False,False,False,True,False,False,False,False
4324,Biokeemia analüüs,nan,CSF-Prot,CSF-Prot,,2,,False,False,False,False,False,False,True,False,False,False,False
4355,Valk liikvoris,nan,CSF-Prot,CSF-Prot,g/l,4,,False,False,False,False,False,False,True,False,False,False,False
4466,Mikrobioloogia analüüs,SF - Liikvor,RIFRifampitsiin,RIF Rifampitsiin,,1,,False,False,False,False,False,False,True,False,False,False,False
4558,Liikvori analüüs,nan,MN%Mononukl.r.suhtarv,MN% Mononukl. r. suhtarv,,1,,False,False,False,False,False,False,True,False,False,False,False
4574,Liikvori analüüs,nan,CSFRBCErütrotsüüdidliikvoris,CSFRBC Erütrotsüüdid liikvoris,,1,,False,False,False,False,False,False,True,False,False,False,False
4601,Immuunmeetoditel uuringud,nan,nan,CSF-TBEV IgM /Puukentsefaliidi viiruse vastane IgM liikvoris,,3,,False,False,False,False,False,False,True,False,False,False,False
4613,Borellia burgdorferi antikehad,nan,S;CSF--Borellia_antikehad,CSF-Borr-IgM (likvorist),-,1,,False,False,False,False,False,False,True,False,False,False,False
4704,Herpes simplex 2.tüübi viiruse vastased IgG-antikehad seljaajuvedelikus,nan,CSF-aHSV2G,CSF-aHSV2G,-,2,,False,False,False,False,False,False,True,False,False,False,False
4720,Mikrobioloogilised uuringud,nan,2167,"CSF-Sag-La(Streptococcus agalactiae antigeen (latekstest, liikvorist))",,1,,False,False,False,False,False,False,True,False,False,False,False
4907,Mikrobioloogilised uuringud,nan,1752,CSF-Aer(Aeroobse mikrofloora külv (liikvorist)),,5,,False,False,False,False,False,False,True,False,False,False,False
4939,LTKH allhanked,nan,71444,CSF-Enterovirus RN(Enteroviiruse RNA roojast (PCR)),,1,,False,False,False,False,False,False,True,False,False,False,False
4955,Liikvori uuringud,nan,11534,Värvu,,17,,False,False,False,False,False,False,True,False,False,False,False
4984,Mikrobioloogia analüüs,SF - Liikvor,nan,<ANONYM> eesmärk,,1,,False,False,False,False,False,False,True,False,False,False,False
4992,Liikvori uuringud,nan,11529,Monotsüüdi,%,3,,False,False,False,False,False,False,True,False,False,False,False
5017,Leukotsüütide arv seljaajuvedelikus,nan,CSF-WBC,Värvus,-,2,,False,False,False,False,False,False,True,False,False,False,False
5022,Liikvori analüüs,Liikvor,CSF-IgGImmuunglobuliinGliikvoris,CSF-IgG Immuunglobuliin G liikvoris,,1,,False,False,False,False,False,False,True,False,False,False,False
5023,"Borrelia burgdorferi vastane IgG indeks, liikvori ja seerumi suhe",nan,CSF/S-B_burgdorferi_IgG,CSF/S-B burgdorferi IgG,-,5,,False,False,False,False,False,False,True,False,False,False,False
5100,Liikvori uuringud,nan,11528,Makrofaagid,%,12,,False,False,False,False,False,False,True,False,False,False,False
5144,Liikvori (seljaajuvedeliku) makroskoopiline või tsütoosi uuring,nan,_Liikvori_(seljaajuvedeliku)makr,Värvus,-,2,,False,False,False,False,False,False,True,False,False,False,False
5197,Puukentsefaliidiviiruse antikehad,nan,S;CSF-Puukentsefaliidiviiruse_an,CSF-TBE-IgM (likvorist),-,1,,False,False,False,False,False,False,True,False,False,False,False
5204,Liikvori analüüs,nan,CSF-MN,CSF-MN,,1,,False,False,False,False,False,False,True,False,False,False,False
5251,Liikvori analüüs,Liikvor,CSF-WBC,CSF-WBC,,13,,False,False,False,False,False,False,True,False,False,False,False
5282,Liikvori analüüs,nan,Liikvorimakroskoopilineuuring,Liikvori makroskoopiline uuring,,47,,False,False,False,False,False,False,True,False,False,False,False
5435,Liikvori uuringud,nan,11534,Värvus,,58,,False,False,False,False,False,False,True,False,False,False,False
5512,Liikvori analüüs,nan,CSF-MN%,CSF-MN%,,5,,False,False,False,False,False,False,True,False,False,False,False
5526,Leukotsüütide arv seljaajuvedelikus,nan,CSF-WBC,Pleotsütoos,x 10x6 rakku/l,2,,False,False,False,False,False,False,True,False,False,False,False
5575,Liikvori analüüs,Liikvor,CSF-MN%,CSF-MN%,,13,,False,False,False,False,False,False,True,False,False,False,False
5613,Liikvori analüüs,Liikvor,nan,S-Alb-t Albumiin seerumis,,1,,False,False,False,False,False,False,True,False,False,True,False
5631,Laktaat seljaajuvedelikus,nan,CSF-Lac ,CSF-Lac,mmol/L,1,,False,False,False,False,False,False,True,False,False,False,False
5679,Mikrobioloogia analüüs,SF - Liikvor,ERYErütromütsiin,ERY Erütromütsiin,,1,,False,False,False,False,False,False,True,False,False,False,False
5713,Borrelia burgdorferii vastased IgG - antikehad seljaajuvedelikus,nan,CSF-aBorrG,CSF-aBorrG,-,5,,False,False,False,False,False,False,True,False,False,False,False
5762,Immuunglobuliini G indeks liikvoris,nan,CSF-S-IgG-ind,CSF-IgG,mg/l,13,,False,False,False,False,False,False,True,False,False,False,False
5786,Seroloogilised uuringud,nan,71429,CSF-TBEV IgG(Puukentsefaliidi viiruse vastane IgG liikvoris),S/CO,6,,False,False,False,False,False,False,True,False,False,False,False
5944,Varicella Zosteri vastased IgM-antikehad seljaajuvedelikus,nan,CSF-aVZVM,CSF-aVZVM,-,1,,False,False,False,False,False,False,True,False,False,False,False
6076,Kiirtest haigustekitajate määramiseks liikvorist,nan,CSF-latekstest,Haemophilus influenzae type b,-,1,,False,False,False,False,False,False,True,False,False,False,False
6079,Liikvori analüüs,nan,MN%Mononukl.r.suhtarv,MN% Mononukl. r. suhtarv,,2,,False,False,False,False,False,False,True,False,False,False,False
6128,Liikvori analüüs,nan,nan,CSF-IgG Immuunglobuliin G liikvoris,,1,,False,False,False,False,False,False,True,False,False,False,False
6149,Varicella zoster IgM liikvoris,nan,CSF-VZV_IgM,CSF-VZV IgM,-,1,,False,False,False,False,False,False,True,False,False,False,False
6174,Borrelia burgdorferi vastane IgM liikvoris,nan,CSF-B_burgdorferi_IgM,CSF-B burgdorferi IgM,-,9,,False,False,False,False,False,False,True,False,False,False,False
6198,Liikvori analüüs,Liikvor,nan,CSF-IgG Immuunglobuliin G liikvoris,,1,,False,False,False,False,False,False,True,False,False,False,False
6225,LTKH allhanked,nan,69660,CSF-Pro(3. Valk liikvoris),g/l,3,,False,False,False,False,False,False,True,False,False,False,False
6311,Viiruste DNA/RNA liikvoris,nan,CSF-Vir-PCR,EBV,-,3,,False,False,False,False,False,False,True,False,False,False,False
6349,Borrelia burgdorferi DNA liikvoris,nan,CSF-Borrelia_PCR,Borrelia burgdorferi DNA,-,2,,False,False,False,False,False,False,True,False,False,False,False
6377,Albumiin liikvoris,nan,CSF-Alb,Albumiin (CSF),mg/L,6,,False,False,False,False,False,False,True,False,False,False,False
6396,LTKH allhanked,nan,69663,CSF-Alb(3. Albumiin liikvoris),mg/l,1,,False,False,False,False,False,False,True,False,False,False,False
6402,Enteroviirused liikvoris PCR meetodil,nan,CSF-Ent-PCR,CSF-Ent-PCR,-,2,,False,False,False,False,False,False,True,False,False,False,False
6461,Leukotsüütide arv seljaajuvedelikus,nan,CSF-WBC,Ksantokroomia,-,1,,False,False,False,False,False,False,True,False,False,False,False
6553,LTKH allhanked,nan,69666,CSF-Ig-olig(Oligoklonaalsed immuunglobuliinid liikvoris isoelektrilisel fokuseerimisel),,3,,False,False,False,False,False,False,True,False,False,False,False
6620,LTKH allhanked,nan,71444,CSF-Enterovirus RNA(Enteroviiruse RNA roojast (PCR)),,8,,False,False,False,False,False,False,True,False,False,False,False
6706,Liikvor,nan,CSF-Diff,Liikvori kirjeldus,-,5,,False,False,False,False,False,False,True,False,False,False,False
6721,Liikvori analüüs,Liikvor,nan,CSF-Prot <ANONYM> liikvoris,,1,,False,False,False,False,False,False,True,False,False,False,False
6781,Vedelike uuringud,nan,10343,CSF-WB(Liikvori leukotsüüdid),10 l,1,,False,False,False,False,False,False,True,False,False,False,False
6782,Liikvori analüüs,nan,CSF-LacLaktaatliikvoris,CSF-Lac Laktaat liikvoris,,1,,False,False,False,False,False,False,True,False,False,False,False
6897,Liikvori analüüs,Liikvor,CSF-Basofiilid,CSF - Basofiilid,,1,,False,False,False,False,False,False,True,False,False,False,False
6919,Liikvori tsütogramm,nan,CSF-Diff,"PMN(Neutrof.,eosinof.,basof.)",10^6/mikrol,3,,False,False,False,False,False,False,True,False,False,False,False
6923,Liikvori analüüs,Liikvor,CSF-LacLaktaatliikvoris,CSF-Lac Laktaat liikvoris,,13,,False,False,False,False,False,False,True,False,False,False,False
6925,Viiruste DNA/RNA liikvoris,nan,CSF-Vir-PCR,HSV 2,-,3,,False,False,False,False,False,False,True,False,False,False,False
7043,Liikvori analüüs,nan,Värvus,Värvus,,1,,False,False,False,False,False,False,True,False,False,False,False
7342,Liikvori analüüs,Liikvor,CSF-Neutrofiilid,CSF - Neutrofiilid,,8,,False,False,False,False,False,False,True,False,False,False,False
7373,Liikvori ksantokroomia,nan,CSF-Xan,CSF-Xan,-,3,,False,False,False,False,False,False,True,False,False,False,False
7426,"Borrelia liikvoris, PCR meetodil",nan,CSF-Borr-PCR,Borrelia burgdorferi liikvoris,-,2,,False,False,False,False,False,False,True,False,False,False,False
7513,Puukensefaliidi viiruse vastane Ig M,nan,CSF-TBEV_IgM,CSF-TBEV IgM,-,2,,False,False,False,False,False,False,True,False,False,False,False
7595,Liikvori analüüs,nan,Värvus,Värvus,,55,,False,False,False,False,False,False,True,False,False,False,False
7629,Puukentsefaliidi viiruse vastased IgM-antikehad seljaajuvedelikus,nan,CSF-TBE_IgM,Puukentsefaliidi viiruse vastased IgM antikehad seljaajuvedelikus,,1,,False,False,False,False,False,False,True,False,False,False,False
7681,Bakteriaalsed antigeenid liikvoris,nan,CSF-Ag,Escerichia coli K1/Neisseria meningitidis grupp B,-,2,,False,False,False,False,False,False,True,False,False,False,False
7682,Liikvori (seljaajuvedeliku) makroskoopiline või tsütoosi uuring,nan,_Liikvori_(seljaajuvedeliku)makr,Kehavedelik- hulk,-,2,,False,False,False,False,False,False,True,False,False,False,False
7718,Mikrobioloogia analüüs,SF - Liikvor,MIKMikroobid,MIK Mikroobid,,4,,False,False,False,False,False,False,True,False,False,False,False
7737,Liikvori analüüs,nan,CSF-IgGindeksImmuunglobuliinGindeks,CSF-IgG indeks Immuunglobuliin G indeks,,1,,False,False,False,False,False,False,True,False,False,False,False
7958,Borrelia burgdorferii vastased IgM-antikehad liikvoris,nan,CSF-aBorrM,CSF-aBorrM,-,1,,False,False,False,False,False,False,True,False,False,False,False
8087,Biokeemia labor,nan,10493,CSF-Pro,g/l,1,,False,False,False,False,False,False,True,False,False,False,False
8141,Leukogramm liikvoris,nan,CSF-Diff,Monotsüüdid (CSF),%,3,,False,False,False,False,False,False,True,False,False,False,False
8206,Liikvori uuringud,nan,70400,CSF-La(Laktaat liikvoris),,17,,False,False,False,False,False,False,True,False,False,False,False
8270,Liikvori analüüs,nan,CSF-GlucGlükoosliikvoris,CSF-Gluc Glükoos liikvoris,,1,,False,False,False,False,False,False,True,False,False,False,False
8328,Liikvor,nan,CSF-Diff,erütrotsüüdid liikvoris,-,1,,False,False,False,False,False,False,True,False,False,False,False
8385,Biokeemia analüüs,nan,CSF-IgGImmuunoglobuliinGliikvoris,CSF-IgG Immuunoglobuliin G liikvoris,,1,,False,False,False,False,False,False,True,False,False,False,False
8440,Viiruste DNA/RNA liikvoris,nan,CSF-Vir-PCR,Enterovirus,-,3,,False,False,False,False,False,False,True,False,False,False,False
8613,Liikvor,nan,M-Liikvor,<ANONYM>,-,1,,False,False,False,False,False,False,True,False,False,False,False
8650,LTKH allhanked,nan,69666,CSF-Ig-oligo(3. Oligoklonaalsed immuunglobuliinid liikvoris isoelektrilisel fokuseerimisel),,1,,False,False,False,False,False,False,True,False,False,False,False
8679,Liikvori uuringud,nan,11533,Läbipaistvu,,17,,False,False,False,False,False,False,True,False,False,False,False
8720,Mikrobioloogilised uuringud,nan,2167,"CSF-Sag-Lat(Streptococcus agalactiae antigeen (latekstest, liikvorist))",,2,,False,False,False,False,False,False,True,False,False,False,False
8726,Liikvori leukotsüüdid,nan,CSF-WBC,Leukotsüütide arv seljaajuvedelikus,10^6/l,3,,False,False,False,False,False,False,True,False,False,False,False
8776,Immuunmeetoditel uuringud,liikvor CSF,CSF-RPR/Mittetreponemaalsereagiinivastantikehaliikvoris,CSF-RPR /Mittetreponemaalse reagiini vast antikeha liikvoris,,2,,False,False,False,False,False,False,True,False,False,False,False
8816,Borrelia burgdorferii vastased IgG-antikehad liikvoris,nan,CSF-aBorrG,CSF-aBorrG,-,1,,False,False,False,False,False,False,True,False,False,False,False
8820,Liikvori analüüs,nan,Tsütoos,Tsütoos,,7,,False,False,False,False,False,False,True,False,False,False,False
8839,Liikvori (seljaajuvedeliku) makroskoopiline või tsütoosi uuring,nan,_Liikvori_(seljaajuvedeliku)makr,Läbipaistvus,-,2,,False,False,False,False,False,False,True,False,False,False,False
8866,Bakteriaalsed antigeenid liikvoris,nan,CSF-Ag,"Neisseria meningitidis grupid A,C,Y,W135",-,2,,False,False,False,False,False,False,True,False,False,False,False
8870,Mikrobioloogilised uuringud,nan,2144,CSF-Myc(Seente külv (liikvorist)),,1,,False,False,False,False,False,False,True,False,False,False,False
8871,Puukentsefaliidiviirusevastased IgM-antikehad liikvoris,nan,CSF-aTBEG-IgM,CSF-aTBEG-IgM,-,1,,False,False,False,False,False,False,True,False,False,False,False
8880,Liikvori analüüs,nan,CSF-AlbAlbumiinliikvoris,CSF-Alb Albumiin liikvoris,,1,,False,False,False,False,False,False,True,False,False,False,False
8913,Liikvori analüüs,nan,CSF-Prot,CSF-Prot,,1,,False,False,False,False,False,False,True,False,False,False,False
8963,Liikvori ksantokroomia,nan,CSF-Xan,Liikvori läbipaistvus enne tsentrifuugimist,-,4,,False,False,False,False,False,False,True,False,False,False,False
9018,IgG indeks seljaajuvedelikus ja seerumis,nan,CSF-IgG-ind,S-Alb,g/L,8,,False,False,False,False,False,False,True,False,False,True,False
9162,Kiirtest haigustekitajate määramiseks liikvorist,nan,CSF-latekstest,Streptococcus pneumoniae,-,1,,False,False,False,False,False,False,True,False,False,False,False
9208,Varicella zoster viirus liikvoris PCR meetodil,nan,CSF-VZV-PCR,Varicella zoster liikvoris PCR meetodil,-,2,,False,False,False,False,False,False,True,False,False,False,False
9297,Liikvori analüüs,Liikvor,S-Alb-tAlbumiinseerumis,S-Alb-t Albumiin seerumis,,1,,False,False,False,False,False,False,True,False,False,True,False
9377,Leukogramm seljaajuvedelikus,nan,CSF-Diff,Lümfotsüüdid,%,1,,False,False,False,False,False,False,True,False,False,False,False
9876,Treponema pallidum vastane antikeha liikvoris (hemaglutinatsiooni test),nan,CSF-TPHA,Treponema pallidumi vastane antikeha liikvoris (hemaglutinatsiooni test),-,1,,False,False,False,False,False,False,True,False,False,False,False
10183,Varicella zoster liikvoris IgG,nan,CSF-VZV_IgG,CSF-VZV IgG,-,1,,False,False,False,False,False,False,True,False,False,False,False
10231,Liikvori uuringud,nan,11525,CSF-Pro(Liikvori valk),g/l,17,,False,False,False,False,False,False,True,False,False,False,False
10289,IgG indeks seljaajuvedelikus ja seerumis,nan,CSF-IgG-ind,CSF-IgG-ind,-,8,,False,False,False,False,False,False,True,False,False,False,False
10350,Immuunmeetoditel uuringud,liikvor CSF,CSF-TBEVIgM/PuukentsefaliidiviirusevastaneIgMliikvoris,CSF-TBEV IgM /Puukentsefaliidi viiruse vastane IgM liikvoris,,6,,False,False,False,False,False,False,True,False,False,False,False
10384,"Borrelia burgdorferi vastane IgG indeks, liikvori ja seerumi suhe",nan,CSF/S-B_burgdorferi_IgG_ind,CSF/S-B burgdorferi IgG ind,-,11,,False,False,False,False,False,False,True,False,False,False,False
10391,Lihtherpeseviiruse 1. ja 2. tüüpi DNA liikvoris,nan,"CSF-HSV_1,2",Lihtherpeseviiruse 1. DNA,-,1,,False,False,False,False,False,False,True,False,False,False,False
10394,Seroloogilised uuringud,nan,71432,CSF-B burgdorferi IgG(Borrelia burgdorferi vastane IgG liikvoris),S/CO,6,,False,False,False,False,False,False,True,False,False,False,False
10402,Liikvori analüüs,nan,CSF-PMN%,CSF-PMN%,,5,,False,False,False,False,False,False,True,False,False,False,False
10509,Mikrobioloogilised uuringud,nan,2081,"CSF-NmgACY-La(Neisseria meningitidis A antigeen (latekstest, liikvorist))",,1,,False,False,False,False,False,False,True,False,False,False,False
10530,Immuunmeetoditel uuringud,nan,nan,CSF-TBEV IgG / Puukentsefaliidi viiruse vastane IgG liikvori,,3,,False,False,False,False,False,False,True,False,False,False,False
10540,Borrelia burgdorferi vastane IgG liikvoris,nan,CSF-B_burgdorferi_IgG,CSF-B burgdorferi IgG,-,13,,False,False,False,False,False,False,True,False,False,False,False
10598,Liikvori analüüs,nan,Hulk,Hulk,,55,,False,False,False,False,False,False,True,False,False,False,False
10651,Liikvori analüüs,Liikvor,Läbipaistvus,Läbipaistvus,,13,,False,False,False,False,False,False,True,False,False,False,False
10690,Liikvori analüüs,Liikvor,nan,CSF-Alb Albumiin liikvoris,,1,,False,False,False,False,False,False,True,False,False,False,False
10800,Liikvori analüüs,Liikvor,CSF-RBC,CSF-RBC,,13,,False,False,False,False,False,False,True,False,False,False,False
10952,"Seljaajuvedeliku uuring, tsütoos",nan,CSF-WBC,Leukotsüüdid,-,11,,False,False,False,False,False,False,True,False,False,False,False
11067,Eütrotsüüdid liikvoris,nan,CSF-RBC,RBC,10^6/l,2,,False,False,False,False,False,False,True,False,False,False,False
11097,Enteroviirusevastased IgG antikehad seljaajuvedelikus,nan,CSFa-EntG,CSFa-EntG,-,1,,False,False,False,False,False,False,True,False,False,False,False
11127,Glükoos seljaajuvedelikus,nan,CSF-Gluc,CSF-Gluc/S-Gluc,-,22,,False,False,False,False,False,False,True,False,False,False,False
11141,Liikvori tsütogramm,nan,CSF-Diff,Liikvori neutrofiilid,%,4,,False,False,False,False,False,False,True,False,False,False,False
11164,Liikvori tsütogramm,nan,CSF-Diff,PMN,%,3,,False,False,False,False,False,False,True,False,False,False,False
11192,Leukogramm seljaajuvedelikus,nan,CSF-Diff,Neutrofiilid,%,1,,False,False,False,False,False,False,True,False,False,False,False
11245,Bakterite DNA liikvoris,nan,CSF-Bac-PCR,H influenzae type b,-,2,,False,False,False,False,False,False,True,False,False,False,False
11250,Erütrotsüüdid liikvoris,nan,CSF-RBC,CSF-RBC,x10E6/l,4,,False,False,False,False,False,False,True,False,False,False,False
11277,Tsütomegaloviiruse vastased IgM antikehad seljaajuvedelikus,nan,CSF-aCMV_M,CSF-aCMV M,-,1,,False,False,False,False,False,False,True,False,False,False,False
11286,Leukogramm seljaajuvedelikus,nan,CSF-Diff,PMN,%,2,,False,False,False,False,False,False,True,False,False,False,False
11402,Liikvori leukotsüüdid ja makroskoopiline uuring,nan,CSF-WBC,Värvus (CSF),,8,,False,False,False,False,False,False,True,False,False,False,False
11466,Mikrobioloogia analüüs,SF - Liikvor,OXAOxatsilliin,OXA Oxatsilliin,,1,,False,False,False,False,False,False,True,False,False,False,False
11478,Vedelike uuringud,nan,10700,CSF-La(Laktaat seljaajuvedelikus),mmol/l,1,,False,False,False,False,False,False,True,False,False,False,False
11554,Leukogramm liikvoris,nan,CSF-Diff,Makrofaagid (CSF),-,1,,False,False,False,False,False,False,True,False,False,False,False
11557,Liikvori analüüs,nan,Läbipaistvus,Läbipaistvus,,55,,False,False,False,False,False,False,True,False,False,False,False
11605,Leukotsüüdid liikvoris,nan,CSF-WBC,CSF-WBC,x10E6/l,4,,False,False,False,False,False,False,True,False,False,False,False
11620,Biokeemia analüüs,nan,CSF-AlbAlbumiinliikvoris,CSF-Alb Albumiin liikvoris,,1,,False,False,False,False,False,False,True,False,False,False,False
11669,Bakteriaalsed antigeenid liikvoris,nan,CSF-Ag,Streptococcus pneumoniae,-,2,,False,False,False,False,False,False,True,False,False,False,False
11728,Leukogramm seljaajuvedelikus,nan,CSF-Diff,RBC,10^12/mikrol,1,,False,False,False,False,False,False,True,False,False,False,False
11811,Herpes simplex 1 liikvoris PCR meetodil,nan,"CSF-HSV1,2-PCR",Herpes simplex 2 liikvoris PCR meetodil,-,2,,False,False,False,False,False,False,True,False,False,False,False
11844,Liikvori analüüs,nan,CSF-Neutrofiilid,CSF - Neutrofiilid,,1,,False,False,False,False,False,False,True,False,False,False,False
11882,Liikvori uuringud,nan,11530,Muu,,3,,False,False,False,False,False,False,True,False,False,False,False
11887,Liikvori analüüs,Liikvor,CSF-DiffALiikvoritsütoosiuuringanalüsaatoril,CSF-DiffA Liikvori tsütoosi uuring analüsaatoril,,13,,False,False,False,False,False,False,True,False,False,False,False
12010,Liikvori analüüs,Liikvor,CSF-AlbAlbumiinliikvoris,CSF-Alb Albumiin liikvoris,,1,,False,False,False,False,False,False,True,False,False,False,False
12082,Liikvori ksantokroomia,nan,CSF-Xan,Liikvori värvus enne tsentrifuugimist,-,4,,False,False,False,False,False,False,True,False,False,False,False
12123,Liikvori analüüs,nan,CSF-RBC,CSF-RBC,,1,,False,False,False,False,False,False,True,False,False,False,False
12251,Liikvori analüüs,nan,nan,CSF-S-B burgdorferi IgG indeks,,1,,False,False,False,False,False,False,True,False,False,False,False
12275,Liikvori analüüs,Liikvor,nan,CSF-Alb/S-Alb Albumiini suhe liikvoris ja seerumis,,1,,False,False,False,False,False,False,True,False,False,True,False
12374,Mikrobioloogia analüüs,SF - Liikvor,GENGentamütsiin,GEN Gentamütsiin,,1,,False,False,False,False,False,False,True,False,False,False,False
12377,Liikvori analüüs,nan,CSF-Ig-oligoImmuunglobuliinid(oligoklonaalsed)liikvoris,CSF-Ig-oligo Immuunglobuliinid (oligoklonaalsed) liikvoris,,1,,False,False,False,False,False,False,True,False,False,False,False
12688,Leukotsüüdid liikvoris,nan,CSF-WBC,Ksantokroomia,-,2,,False,False,False,False,False,False,True,False,False,False,False
12749,Liikvori tsütogramm,nan,CSF-Diff,MN,%,3,,False,False,False,False,False,False,True,False,False,False,False
12804,"Seljaajuvedeliku uuring, tsütoos",nan,CSF-WBC,Läbipaistvus,-,13,,False,False,False,False,False,False,True,False,False,False,False
12879,Leukogramm liikvoris,nan,CSF-Diff,Lümfotsüüdid (CSF),%,3,,False,False,False,False,False,False,True,False,False,False,False
12885,Liikvori analüüs,nan,CSF-WBC,CSF-WBC,,1,,False,False,False,False,False,False,True,False,False,False,False
12931,Liikvori analüüs,nan,CSF-monotsüüdid,CSF - monotsüüdid,,1,,False,False,False,False,False,False,True,False,False,False,False
13046,Mikrobioloogia analüüs,SF - Liikvor,MGRMikroskoopiagrammijärgi,MGR Mikroskoopia grammi järgi,,2,,False,False,False,False,False,False,True,False,False,False,False
13055,Liikvori uuringud,nan,11533,Läbipaistvus,,58,,False,False,False,False,False,False,True,False,False,False,False
13179,Liikvori leukotsüüdid ja makroskoopiline uuring,nan,CSF-WBC,Läbipaistvus (CSF),,8,,False,False,False,False,False,False,True,False,False,False,False
13249,Liikvori tsütogramm,nan,CSF-Diff,"MN(Lümfots.,monots.)",10^6/mikrol,3,,False,False,False,False,False,False,True,False,False,False,False
13259,Liikvori analüüs,nan,CSF-ProtValkliikvoris,CSF-Prot Valk liikvoris,,20,,False,False,False,False,False,False,True,False,False,False,False
13261,Puukentsefaliidi viiruse vastane IgG,nan,CSF-TBEV_Ig_G,CSF-TBEV Ig G,-,2,,False,False,False,False,False,False,True,False,False,False,False
13298,Immuunmeetoditel uuringud,nan,CSF-TBEVIgM/PuukentsefaliidiviirusevastaneIgMliikvoris,CSF-TBEV IgM /Puukentsefaliidi viiruse vastane IgM liikvoris,,1,,False,False,False,False,False,False,True,False,False,False,False
13362,Liikvori analüüs,nan,Latekstestbakteriaalseteleantigeenidele,Latekstest bakteriaalsetele antigeenidele,,2,,False,False,False,False,False,False,True,False,False,False,False
13402,Valk seljaajuvedelikus,nan,CSF-Prot,CSF-Prot,mg/l,2,,False,False,False,False,False,False,True,False,False,False,False
13408,Mikrobioloogilised uuringud,nan,2168,"CSF-Spn-La(Streptococcus pneumoniae antigeen (latekstest, liikvorist))",,1,,False,False,False,False,False,False,True,False,False,False,False
13419,Valk seljaajuvedelikus,nan,CSF-Prot,CSF-Prot,g/L,44,,False,False,False,False,False,False,True,False,False,False,False
13511,Mikrobioloogilised uuringud,nan,1752,CSF-Ae(Aeroobse mikrofloora külv (liikvorist)),,2,,False,False,False,False,False,False,True,False,False,False,False
13573,Liikvori analüüs,nan,Latekstestbakteriaalseteleantigeenidele,Latekstest bakteriaalsetele antigeenidele,,1,,False,False,False,False,False,False,True,False,False,False,False
13594,Mikrobioloogilised uuringud,nan,2168,"CSF-Spn-Lat(Streptococcus pneumoniae antigeen (latekstest, liikvorist))",,2,,False,False,False,False,False,False,True,False,False,False,False
13679,Liikvori analüüs,nan,CSF-PMN,CSF-PMN,,48,,False,False,False,False,False,False,True,False,False,False,False
13741,Liikvori tsütogramm,nan,CSF-Diff,LYMPH%,%,1,,False,False,False,False,False,False,True,False,False,False,False
13751,"Seljaajuvedeliku uuring, tsütoos",nan,CSF-WBC,Mononukleaarid,-,3,,False,False,False,False,False,False,True,False,False,False,False
13776,Laktaat seljaajuvedelikus,nan,CSF-Lac,CSF-Lac,mmol/L,16,,False,False,False,False,False,False,True,False,False,False,False
13802,Liikvori analüüs,nan,CSF-Eosinofiilid,CSF - Eosinofiilid,,1,,False,False,False,False,False,False,True,False,False,False,False
13804,Viiruste DNA/RNA liikvoris,nan,CSF-Vir-PCR,VZV,-,3,,False,False,False,False,False,False,True,False,False,False,False
13823,Puukentsefaliidi viiruse vastased IgG-antikehad seljaajuvedelikus,nan,CSF-aTBEG,Puukentsefaliidi viiruse vastased IgG antikehad seljaajuvedelikus,-,2,,False,False,False,False,False,False,True,False,False,False,False
13825,Leukotsüütide arv seljaajuvedelikus,nan,CSF-WBC,CSF-WBC,10^6/l,2,,False,False,False,False,False,False,True,False,False,False,False
13841,"Varicella zoster viirus IgG, liikvoris",nan,CSF-VZV_IgG,Varicella zoster liikvoris IgG,-,1,,False,False,False,False,False,False,True,False,False,False,False
13855,Borrelia burgdorferi vastane IgM liikvoris,nan,CSF-B.burgdorferi_IgM,CSF-B.burgdorferi IgM,-,1,,False,False,False,False,False,False,True,False,False,False,False
13877,LTKH allhanked,nan,69660,CSF-Prot(3. Valk liikvoris),g/l,1,,False,False,False,False,False,False,True,False,False,False,False
13883,Valk seljaajuvedelikus,nan,CSF-Prot,CSF-Prot,g/l,8,,False,False,False,False,False,False,True,False,False,False,False
13918,Liikvori analüüs,Liikvor,CSF-MN,CSF-MN,,13,,False,False,False,False,False,False,True,False,False,False,False
13950,Mikrobioloogilised uuringud,nan,2082,"CSF-NmgB/E.coli-Lat(Neisseria meningitidis B antigeen (latekstest, liikvorist))",,2,,False,False,False,False,False,False,True,False,False,False,False
14003,Liikvori analüüs,Liikvor,CSF-PMN%,CSF-PMN%,,13,,False,False,False,False,False,False,True,False,False,False,False
14015,Enteroviiruse vastased IgM antikehad seljaajuvedelikus,nan,CSF-aEntM,CSF-aEntM,-,1,,False,False,False,False,False,False,True,False,False,False,False
14094,Leukotsüütide arv seljaajuvedelikus,nan,CSF-WBC,Läbipaistvus,-,3,,False,False,False,False,False,False,True,False,False,False,False
14160,Enteroviiruse RNA liikvoris,nan,CSF-Enterovirus_RNA,Enteroviiruse RNA,-,1,,False,False,False,False,False,False,True,False,False,False,False
14173,Immuunmeetoditel uuringud,nan,CSF-CDrakupinnamarkeriteimmunofenotüpeerimineliikvorist,CSF-CD rakupinnamarkerite immunofenotüpeerimine liikvorist,,1,,False,False,False,False,False,False,True,False,False,False,False
14257,Borrelia burgdorferi vastased IgG-antikehad seljaajuvedelikus,nan,CSF-aBorrG,CSF-aBorrG,-,1,,False,False,False,False,False,False,True,False,False,False,False
14349,Puukentsefaliidiviirusevastased IgG-antikehad liikvoris,nan,CSF-aTBEG-IgG,CSF-aTBEG-IgG,-,1,,False,False,False,False,False,False,True,False,False,False,False
14399,"Borrelia burgdorferi vastased IgM antikehad, seljaajuvedelikust",nan,CSF-Borr-M,"Borrelia burgdorfevii vastased IgM antikehad, seljaajuvedelikust",-,1,,False,False,False,False,False,False,True,False,False,False,False
14487,Liikvori uuringud,nan,11518,CSF-Gluc(Glükoos liikvoris),mmol/l,58,,False,False,False,False,False,False,True,False,False,False,False
14662,Liikvori leukotsüütide arv,nan,CSF-WBC,Leukotsüütide arv seljaajuvedelikus,x10\6/L,27,,False,False,False,False,False,False,True,False,False,False,False
14669,Puukentsefaliidi viiruse vastased IgM antikehad seljaajuvedelikus,nan,CSF-aTBEM,CSF-aTBEM,-,3,,False,False,False,False,False,False,True,False,False,False,False
14697,Liikvori tsütogramm,nan,CSF-Diff,Liikvori lümfotsüüdid,%,4,,False,False,False,False,False,False,True,False,False,False,False
14784,Liikvori analüüs,nan,CSFDiffLiikvoritsütogramm(mikroskoopia),CSFDiff Liikvori tsütogramm (mikroskoopia),,6,,False,False,False,False,False,False,True,False,False,False,False
15014,Liikvori analüüs,nan,S-Alb-tAlbumiinseerumis,S-Alb-t Albumiin seerumis,,1,,False,False,False,False,False,False,True,False,False,True,False
15124,"Puukentsefaliidi viiruse vastased IgM antikehad, seljaajuvedelikust",nan,CSF-aTBE-M,CSF-aTBE-M,-,2,,False,False,False,False,False,False,True,False,False,False,False
15169,Liikvori analüüs,nan,CSF-LacLaktaatliikvoris,CSF-Lac Laktaat liikvoris,,51,,False,False,False,False,False,False,True,False,False,False,False
15254,"Puukensefaliidi viiruse vastased IgG antikehad, seljaajuvedelikust",nan,CSF-aTBE-G,CSF-aTBE-G,-,1,,False,False,False,False,False,False,True,False,False,False,False
15266,Liikvori analüüs,Liikvor,CSF-PMN,CSF-PMN,,13,,False,False,False,False,False,False,True,False,False,False,False
15288,Borrelia burgdorferi vastane IgG liivoris,nan,CSF-B.burgdorferi_IgG,CSF-B.burgdorferi IgG,-,1,,False,False,False,False,False,False,True,False,False,False,False
15446,Valk seljaajuvedelikus,nan,CSF-Prot_,CSF-Prot,g/L,1,,False,False,False,False,False,False,True,False,False,False,False
15598,Liikvori analüüs,nan,CSF-Prot,CSF-Prot,,14,,False,False,False,False,False,False,True,False,False,False,False
15636,Liikvori analüüs,nan,CSFDiffLiikvoritsütogramm(mikroskoopia),CSFDiff Liikvori tsütogramm (mikroskoopia),,1,,False,False,False,False,False,False,True,False,False,False,False
15826,Liikvori uuringud,nan,11536,Tsütoos,106/l,58,,False,False,False,False,False,False,True,False,False,False,False
15899,Mikrobioloogia analüüs,SF - Liikvor,Leid,Leid,,1,,False,False,False,False,False,False,True,False,False,False,False
15908,Liikvori analüüs,Liikvor,CSF-IgGindeksImmuunglobuliinGindeks,CSF-IgG indeks Immuunglobuliin G indeks,,1,,False,False,False,False,False,False,True,False,False,False,False
15921,Liikvori analüüs,nan,CSF-PMN%,CSF-PMN%,,43,,False,False,False,False,False,False,True,False,False,False,False
16009,Glükoos seljaajuvedelikus,nan,CSF-Gluc,CSF-Gluc,mmol/l,9,,False,False,False,False,False,False,True,False,False,False,False
16100,Puukentsefaliidiviiruse antikehad,nan,S;CSF-Puukentsefaliidiviiruse_an,CSF-TBE-IgG (likvorist),-,1,,False,False,False,False,False,False,True,False,False,False,False
16118,"Herpes simplex 2, antikehad IgG ja IgM, liikvorist",nan,"CSF-HSV2-IgG,IgM",HSV2- IgG,-,2,,False,False,False,False,False,False,True,False,False,False,False
16137,Biokeemia labor,nan,10527,CSF-Glu,mmolL,1,,False,False,False,False,False,False,True,False,False,False,False
16143,LTKH allhanked,nan,69663,CSF-Al(3. Albumiin liikvoris),mg/l,3,,False,False,False,False,False,False,True,False,False,False,False
16148,"Herpes simplex 2, antikehad IgG ja IgM, liikvorist",nan,"CSF-HSV2-IgG,IgM",HSV2- IgM,-,2,,False,False,False,False,False,False,True,False,False,False,False
16199,Kliiniline labor,nan,10033,CSF-WB,,1,,False,False,False,False,False,False,True,False,False,False,False
16233,Immuunglobuliin G indeks,nan,CSF-IgG-ind,CSF-IgG,mg/L,3,,False,False,False,False,False,False,True,False,False,False,False
16239,Liikvori uuringud,nan,11527,Lümfotsüüdi,%,3,,False,False,False,False,False,False,True,False,False,False,False
16293,Herpes simplex 1.tüübi viiruse vastased IgM-antikehad seljaajuvedelikus,nan,CSF-aHSV1M,CSF-aHSV1M,-,2,,False,False,False,False,False,False,True,False,False,False,False
16352,"Herpes simplex 1, antikehad IgG ja IgM, liikvorist",nan,"CSF-HSV1-IgG,_IgM",HSV1- IgG,-,2,,False,False,False,False,False,False,True,False,False,False,False
16511,Mükobakterite samastamine CM2 leidub,nan,CSF-Mycob-CM,CSF-Mycob-CM,-,1,,False,False,False,False,False,False,True,False,False,False,False
16619,Liikvori analüüs,nan,CSF-Plasmarakud,CSF - Plasmarakud,,1,,False,False,False,False,False,False,True,False,False,False,False
16628,"Seljaajuvedeliku uuring, tsütoos",nan,CSF-WBC,Leukotsüüdid,/µL,4,,False,False,False,False,False,False,True,False,False,False,False
16673,Bakterite DNA liikvoris,nan,CSF-Bac-PCR,Streptococcus B,-,2,,False,False,False,False,False,False,True,False,False,False,False
16679,Liikvori analüüs,nan,CSF-monotsüüdid,CSF - monotsüüdid,,4,,False,False,False,False,False,False,True,False,False,False,False
16705,Välisanalüüsid,nan,10188,CSF B burgdorferi Ig(Borrelia burgdorferi vastane IgM),,1,,False,False,False,False,False,False,True,False,False,False,False
16816,Liikvori analüüs,Liikvor,CSF-Alb/S-AlbAlbumiinisuheliikvorisjaseerumis,CSF-Alb/S-Alb Albumiini suhe liikvoris ja seerumis,,1,,False,False,False,False,False,False,True,False,False,True,False
16924,"Puukensefaliidi viiruse vastased IgM antikehad, seljaajuvedelikust",nan,CSF-aTBE-M,CSF-aTBE-M,-,1,,False,False,False,False,False,False,True,False,False,False,False
17001,Liikvori analüüs,Liikvor,CSF-ProtValkliikvoris,CSF-Prot Valk liikvoris,,14,,False,False,False,False,False,False,True,False,False,False,False
17077,Liikvori analüüs,nan,Fibrinoosnekile,nan,,1,,False,False,False,False,False,False,True,False,False,False,False
17248,Vedelike uuringud,nan,10516,CSF-Pro(Valk seljaajuvedelikus),g/l,1,,False,False,False,False,False,False,True,False,False,False,False
17302,Liikvori leukotsüüdid ja makroskoopiline uuring,nan,CSF-WBC,Ksantokroomia (CSF),-,2,,False,False,False,False,False,False,True,False,False,False,False
17495,Liikvori uuringud,nan,70400,CSF-Lac(Laktaat liikvoris),,58,,False,False,False,False,False,False,True,False,False,False,False
17504,Herpes simplex 1 liikvoris PCR meetodil,nan,"CSF-HSV1,2-PCR","CSF-HSV1,2-PCR",-,2,,False,False,False,False,False,False,True,False,False,False,False
17532,Viiruste DNA/RNA liikvoris,nan,CSF-Vir-PCR,HSV 1,-,3,,False,False,False,False,False,False,True,False,False,False,False
17534,Liikvori analüüs,nan,MNMononukleaarsedrakud,MN Mononukleaarsed rakud,,5,,False,False,False,False,False,False,True,False,False,False,False
17565,Lihtherpeseviiruse 1.ja 2. tüübi DNA liikvoris,nan,"CSF-HSV1,2_DNA",Lihtherpeseviiruse 1.ja 2. tüübi DNA liikvoris,-,2,,False,False,False,False,False,False,True,False,False,False,False
17607,LTKH allhanked,nan,69664,CSF Alb/ S-Al(3. Liikvori ja seerumi valgu suhe),,3,,False,False,False,False,False,False,True,False,False,False,False
17680,"Seljaajuvedeliku uuring, tsütoos",nan,CSF-WBC,Neutrofiilsed,-,5,,False,False,False,False,False,False,True,False,False,False,False
17681,Vedelike uuringud,nan,10325,CSF-Glu(Glükoos seljaajuvedelikus),mmol/l,1,,False,False,False,False,False,False,True,False,False,False,False
17699,Leukotsüütide arv seljaajuvedelikus,nan,CSF-WBC,WBC,x10\6/L,1,,False,False,False,False,False,False,True,False,False,False,False
17720,Liikvori analüüs,Liikvor,Liikvorimakroskoopilineuuring,Liikvori makroskoopiline uuring,,13,,False,False,False,False,False,False,True,False,False,False,False
17754,Leukogramm seljaajuvedelikus,nan,CSF-Diff,"PMN(Neutrof.,eosinof.,basof.)",10^6/mikrol,1,,False,False,False,False,False,False,True,False,False,False,False
17867,Herpes simplex 1.tüübi viiruse vastased IgG-antikehad seljaajuvedelikus,nan,CSF-aHSV1G,CSF-aHSV1G,-,2,,False,False,False,False,False,False,True,False,False,False,False
17960,Immuunglobuliin G indeks,nan,CSF-IgG-ind,S-Alb (trb),g/L,3,,False,False,False,False,False,False,True,False,False,True,False
18066,Leukotsüüdid liikvoris,nan,CSF-WBC,Läbipaistvus,-,2,,False,False,False,False,False,False,True,False,False,False,False
18134,Viiruste DNA/RNA liikvoris,nan,CSF-Vir-PCR,CMV,-,3,,False,False,False,False,False,False,True,False,False,False,False
18246,Immuunglobuliin G indeks,nan,CSF-IgG-ind,indeks,g/g,3,,False,False,False,False,False,False,True,False,False,False,False
18300,"Puukentsefaliidi viiruse vastased IgG antikehad, seljaajuvedelikust",nan,CSF-aTBE-G,CSF-aTBE-G,-,2,,False,False,False,False,False,False,True,False,False,False,False
18377,Liikvori analüüs,nan,Liikvorimakroskoopilineuuring,Liikvori makroskoopiline uuring,,1,,False,False,False,False,False,False,True,False,False,False,False
18409,Liikvori analüüs,nan,Kloriididmmol/l,Kloriidid mmol/l,,4,,False,False,False,False,False,False,True,False,False,False,False
18500,Liikvor,nan,CSF-Diff,leukotsüüdid liikvoris,rakku/ul,3,,False,False,False,False,False,False,True,False,False,False,False
18513,Liikvori uuringud,nan,11531,Neutrofiili,%,3,,False,False,False,False,False,False,True,False,False,False,False
18623,Liikvori leukotsüüdid ja makroskoopiline uuring,nan,CSF-WBC,Leukotsüüdid (CSF),x10\6/L,8,,False,False,False,False,False,False,True,False,False,False,False
18737,Laktaat seljaajuvedelikus,nan,CSF-Lac_,CSF-Lac,mmol/L,7,,False,False,False,False,False,False,True,False,False,False,False
18782,Leukogramm liikvoris,nan,CSF-Diff,Neutrofiilid (CSF),%,3,,False,False,False,False,False,False,True,False,False,False,False
18978,Kiirtest haigustekitajate määramiseks liikvorist,nan,CSF-latekstest,Streptococcus sp. grupp B,-,1,,False,False,False,False,False,False,True,False,False,False,False
18987,Liikvori analüüs,nan,CSF-Lümfotsüüdid,CSF - Lümfotsüüdid,,1,,False,False,False,False,False,False,True,False,False,False,False
19005,Liikvori analüüs,nan,CSF-PMN,CSF-PMN,,1,,False,False,False,False,False,False,True,False,False,False,False
19071,Mikrobioloogilised uuringud,nan,147174,CSF-Crypto-Ag(Krüptokoki antigeeni määramine liikvorist),,1,,False,False,False,False,False,False,True,False,False,False,False
19128,Liikvori analüüs,nan,CSF-Neutrofiilid,CSF - Neutrofiilid,,4,,False,False,False,False,False,False,True,False,False,False,False
19178,Liikvori tsütogramm,nan,CSF-Diff,MONO%,%,1,,False,False,False,False,False,False,True,False,False,False,False
19187,"Seljaajuvedeliku uuring, tsütoos",nan,CSF-WBC,Erütrotsüüdid,-,1,,False,False,False,False,False,False,True,False,False,False,False
19287,Bakteriaalsed antigeenid liikvoris,nan,CSF-Ag,B-grupi streptokokid,-,2,,False,False,False,False,False,False,True,False,False,False,False
19436,Liikvori analüüs,nan,Hulk,Hulk,,1,,False,False,False,False,False,False,True,False,False,False,False
19619,Liikvori analüüs,Liikvor,CSF-Ig-oligoImmuunglobuliinid(oligoklonaalsed)liikvoris,CSF-Ig-oligo Immuunglobuliinid (oligoklonaalsed) liikvoris,,1,,False,False,False,False,False,False,True,False,False,False,False
19691,"Seljaajuvedeliku uuring, tsütoos",nan,CSF-WBC,Värvus,-,15,,False,False,False,False,False,False,True,False,False,False,False
19729,Liikvori analüüs,nan,CSF-MN,CSF-MN,,48,,False,False,False,False,False,False,True,False,False,False,False
19881,Liikvori analüüs,Liikvor,S-IgGImmuunglobuliinGseerumis,S-IgG Immuunglobuliin G seerumis,,1,,False,False,False,False,False,False,True,False,False,True,False
19932,Immuunglobuliini G indeks liikvoris,nan,CSF-S-IgG-ind,CSF-Alb,mg/l,13,,False,False,False,False,False,False,True,False,False,False,False
20055,Liikvori analüüs,nan,CSFWBCLeukotsüüdidliikvoris,CSFWBC Leukotsüüdid liikvoris,,1,,False,False,False,False,False,False,True,False,False,False,False
20083,Varicella zoster viirus IgM liikvoris,nan,CSF-VZV_IgM,Varicella zoster IgM liikvoris,-,1,,False,False,False,False,False,False,True,False,False,False,False
20097,IgG indeks seljaajuvedelikus ja seerumis,nan,CSF-IgG-ind,CSF-/S-Alb suhe,-,8,,False,False,False,False,False,False,True,False,False,False,False
20209,Mikrobioloogia analüüs,SF - Liikvor,FUSFusidin,FUS Fusidin,,1,,False,False,False,False,False,False,True,False,False,False,False
20280,LTKH allhanked,nan,69665,CSF-S-IgG-indek(3.),,3,,False,False,False,False,False,False,True,False,False,False,False
20310,Oligoklonaalsed immuunglobuliinid,nan,CSF-Ig-oligo,CSF-Ig-oligo,,2,,False,False,False,False,False,False,True,False,False,False,False
20336,"Seljaajuvedeliku uuring, tsütoos",nan,CSF-WBC,Mononukleaarsed,-,5,,False,False,False,False,False,False,True,False,False,False,False
20349,Liikvori tsütogramm,nan,CSF-Diff,RBC,10^12/mikrol,3,,False,False,False,False,False,False,True,False,False,False,False
20464,Liikvori analüüs,nan,CSF-RBC,CSF-RBC,,48,,False,False,False,False,False,False,True,False,False,False,False
20659,Biokeemia analüüs,nan,CSF-IgGinImmuunglobuliinGindeks,CSF-IgGin Immuunglobuliin G indeks,,1,,False,False,False,False,False,False,True,False,False,False,False
20712,Liikvor,nan,M-Liikvor,Liikvori kirjeldus,-,2,,False,False,False,False,False,False,True,False,False,False,False
20742,Liikvori analüüs,nan,CSF-Lümfotsüüdid,CSF - Lümfotsüüdid,,4,,False,False,False,False,False,False,True,False,False,False,False
20816,LTKH allhanked,nan,69661,CSF-Ig(3. Immuunglobuliin G liikvoris),mg/l,3,,False,False,False,False,False,False,True,False,False,False,False
20862,Liikvori uuringud,nan,69549,Ülekaalus esinevad raku,,17,,False,False,False,False,False,False,True,False,False,False,False
20876,Kiirtest haigustekitajate määramiseks liikvorist,nan,CSF-latekstest,"Neisseria meningitidis, grupid A,B,C,W135",-,1,,False,False,False,False,False,False,True,False,False,False,False
21002,Mikrobioloogilised uuringud,nan,1919,"CSF-HinB-La(Haemophilus influenzae B antigeen (latekstest, liikvorist))",,1,,False,False,False,False,False,False,True,False,False,False,False
21007,Herpes simplex 2.tüübi viiruse vastased IgM-antikehad seljaajuvedelikus,nan,CSF-aHSV2M,CSF-aHSV2M,-,2,,False,False,False,False,False,False,True,False,False,False,False
21025,Liikvori analüüs,nan,S-IgGImmuunglobuliinGseerumis,S-IgG Immuunglobuliin G seerumis,,1,,False,False,False,False,False,False,True,False,False,True,False
21031,"M.Tuberculosis, külv, seljaajuvedelikust",nan,CSF-Tbc,CSF-Tbc,-,1,,False,False,False,False,False,False,True,False,False,False,False
21050,Glükoos liikvoris,nan,CSF-Gluc,CSF-Gluc,mmol/L,5,,False,False,False,False,False,False,True,False,False,False,False
21154,Liikvori uuringud,nan,11525,CSF-Prot(Liikvori valk),g/l,58,,False,False,False,False,False,False,True,False,False,False,False
21158,Leukotsüüdid liikvoris,nan,CSF-WBC,WBC,x10^6/l,2,,False,False,False,False,False,False,True,False,False,False,False
21244,LTKH allhanked,nan,69661,CSF-IgG(3. Immuunglobuliin G liikvoris),mg/l,1,,False,False,False,False,False,False,True,False,False,False,False
21581,Välisanalüüsid,nan,10087,CSF B burgdorferi Ig(Borrelia burgdorferi vastane Ig G),,1,,False,False,False,False,False,False,True,False,False,False,False
21618,Borrelia burgdorferii vastased IgM- antikehad seljaajuvedelikus,nan,CSF-aBorrM,CSF-aBorrM,-,2,,False,False,False,False,False,False,True,False,False,False,False
21634,Borrelia burgdorferii vastased IgG-antikehad seljaajuvedelikus,nan,CSF-aBorrG,CSF-aBorrG,-,3,,False,False,False,False,False,False,True,False,False,False,False
21691,Valk liikvoris,nan,CSF-Prot,<ANONYM> (CSF),g/L,8,,False,False,False,False,False,False,True,False,False,False,False
21703,Bakterite DNA liikvoris,nan,CSF-Bac-PCR,S pneumoniae,-,2,,False,False,False,False,False,False,True,False,False,False,False
21738,Mikrobioloogilised uuringud,nan,1919,"CSF-HinB-Lat(Haemophilus influenzae B antigeen (latekstest, liikvorist))",,2,,False,False,False,False,False,False,True,False,False,False,False
21757,Liikvori analüüs,Liikvor,CSF-muudrakud,CSF - muud rakud,,5,,False,False,False,False,False,False,True,False,False,False,False
21772,Leukogramm seljaajuvedelikus,nan,CSF-Diff_,LYMPH%,%,1,,False,False,False,False,False,False,True,False,False,False,False
21782,Liikvori analüüs,nan,CSF-WBC,CSF-WBC,,48,,False,False,False,False,False,False,True,False,False,False,False
21925,Liikvori analüüs,nan,PMN%Polümorfonukl.r.suhtarv,PMN% Polümorfonukl. r. suhtarv,,1,,False,False,False,False,False,False,True,False,False,False,False
21965,Bakteriaalsed antigeenid liikvoris,nan,CSF-Ag,Haemophilus influenzae tüüp b,-,2,,False,False,False,False,False,False,True,False,False,False,False
21977,Seroloogilised uuringud,nan,71430,CSF-TBEV IgM(Puukentsefaliidi viiruse vastane IgM liikvoris),S/CO,6,,False,False,False,False,False,False,True,False,False,False,False
22229,Liikvori analüüs,nan,CSF-Plasmarakud,CSF - Plasmarakud,,1,,False,False,False,False,False,False,True,False,False,False,False
22264,Seroloogilised uuringud,nan,71431,CSF-B burgdorferi IgM(Borrelia burgdorferi vastane IgM liikvoris),S/CO,6,,False,False,False,False,False,False,True,False,False,False,False
22275,Mikrobioloogia analüüs,SF - Liikvor,CLIKlindamütsiin,CLI Klindamütsiin,,1,,False,False,False,False,False,False,True,False,False,False,False
22320,Liikvori analüüs,nan,PMN%Polümorfonukl.r.suhtarv,PMN% Polümorfonukl. r. suhtarv,,2,,False,False,False,False,False,False,True,False,False,False,False
22329,Liikvori tsütogramm,nan,CSF-Diff,Liikvori monotsüüdid,%,4,,False,False,False,False,False,False,True,False,False,False,False
22504,IgG indeks seljaajuvedelikus ja seerumis,nan,CSF-IgG-ind,CSF-Alb,mg/L,8,,False,False,False,False,False,False,True,False,False,False,False
22518,Borrelia burgdorferi vastased IgM-antikehad seljaajuvedelikus,nan,CSF-aBorrM,Borrelia burgdorferii vastased IgM-antikehad seljaajuvedelikus,-,1,,False,False,False,False,False,False,True,False,False,False,False
22579,Liikvori analüüs,nan,CSF-MN%,CSF-MN%,,43,,False,False,False,False,False,False,True,False,False,False,False
22632,"M. tuberculosis, külv BACTEC-süsteemiga seljaajuvedelikust",nan,CSF-Tbc-Bac,"M. tuberculosis, külv BACTEC-süsteemiga, seljaajuvedelikust",-,1,,False,False,False,False,False,False,True,False,False,False,False
22667,Liikvori analüüs,Liikvor,nan,S-IgG Immuunglobuliin G seerumis,,1,,False,False,False,False,False,False,True,False,False,True,False
22694,Liikvori (seljaajuvedeliku) makroskoopiline või tsütoosi uuring,nan,_Liikvori_(seljaajuvedeliku)makr,<ANONYM>,mg/L,2,,False,False,False,False,False,False,True,False,False,False,False
22715,Immuunglobuliini G indeks liikvoris,nan,CSF-S-IgG-ind,S-Alb,g/l,13,,False,False,False,False,False,False,True,False,False,True,False
22733,Liikvori analüüs,Liikvor,CSF-Lümfotsüüdid,CSF - Lümfotsüüdid,,7,,False,False,False,False,False,False,True,False,False,False,False
22745,Liikvori uuringud,nan,11531,Neutrofiilid,%,15,,False,False,False,False,False,False,True,False,False,False,False
22847,Viiruste DNA/RNA liikvoris,nan,CSF-Vir-PCR,HHV6,-,3,,False,False,False,False,False,False,True,False,False,False,False
22881,Leukogramm seljaajuvedelikus,nan,CSF-Diff,"PMN(Neutrof.,eosinof.,basof.)",10^12/mikrol,1,,False,False,False,False,False,False,True,False,False,False,False
22895,Immuunmeetoditel uuringud,liikvor CSF,CSF-TBEVIgG/PuukentsefaliidiviirusevastaneIgGliikvori,CSF-TBEV IgG / Puukentsefaliidi viiruse vastane IgG liikvori,,6,,False,False,False,False,False,False,True,False,False,False,False
22897,Liikvor,nan,M-Liikvor,Pleotsütoos,rakku/ul,1,,False,False,False,False,False,False,True,False,False,False,False
22942,Borrelia burgdorferii vastased IgM-antikehad seljaajuvedelikus,nan,CSF-aBorrM,CSF-aBorrM,-,3,,False,False,False,False,False,False,True,False,False,False,False
22950,Liikvori analüüs,nan,CSF-GlucGlükoosliikvoris,CSF-Gluc Glükoos liikvoris,,53,,False,False,False,False,False,False,True,False,False,False,False
22967,Liikvori uuringud,nan,11527,Lümfotsüüdid,%,15,,False,False,False,False,False,False,True,False,False,False,False
23010,Liikvori uuringud,nan,69549,Ülekaalus esinevad rakud,,58,,False,False,False,False,False,False,True,False,False,False,False
23014,Glükoos seljaajuvedelikus,nan,CSF-Gluc,CSF-Gluc,mmol/L,29,,False,False,False,False,False,False,True,False,False,False,False
