,ORG,PER,LOC
välisministeeriumi,3.0,0.0,0.0
Telekomi,5.0,0.0,0.0
Vee,2.0,0.0,0.0
Liidu,15.0,0.0,18.0
statistikaamet,1.0,0.0,0.0
Soojuse,4.0,0.0,0.0
Viisemann,1.0,0.0,0.0
Kapitali,3.0,0.0,0.0
GSM'il,1.0,0.0,0.0
GSMi,7.0,0.0,0.0
Panga,11.0,0.0,0.0
Keskpank,1.0,0.0,0.0
Vabrikud,1.0,0.0,0.0
Vabrikute,1.0,0.0,0.0
börsi,1.0,0.0,0.0
Keskdepositooriumiga,1.0,0.0,0.0
maakohus,1.0,0.0,0.0
Arengupangale,1.0,0.0,0.0
Arengupanga,2.0,0.0,0.0
Kentexi,1.0,0.0,0.0
Kentex,1.0,0.0,0.0
Pangas,1.0,0.0,0.0
ASil,1.0,0.0,0.0
Tehased,2.0,0.0,0.0
AS,5.0,0.0,0.0
LNNK,2.0,0.0,0.0
Škelega,1.0,0.0,0.0
Tavid,2.0,0.0,0.0
Ühendemiraatide,1.0,0.0,0.0
Konjunktuuriinstituudi,1.0,0.0,0.0
Ida-Euroopa,1.0,0.0,0.0
News,1.0,0.0,0.0
Berdali,1.0,0.0,0.0
Statistikaamet,1.0,0.0,0.0
Turu-uuringute,1.0,0.0,0.0
2000,2.0,0.0,0.0
Frens,2.0,0.0,0.0
Riigivarafond,2.0,0.0,0.0
Line,4.0,0.0,0.0
linnavolikogus,1.0,0.0,0.0
Sebe,1.0,0.0,0.0
Buss,3.0,1.0,0.0
Ametiühingu,1.0,0.0,0.0
Päevalehele,3.0,0.0,0.0
Avialinijos,1.0,0.0,0.0
Latvenergo,1.0,0.0,0.0
BNS-le,1.0,0.0,0.0
Teest,1.0,0.0,0.0
Rahvaerakonnast,1.0,0.0,0.0
Vinkelis,1.0,0.0,0.0
Vabadusele,1.0,0.0,0.0
Partei,2.0,0.0,0.0
Erastamisagentuuri,1.0,0.0,0.0
Linkaits,1.0,0.0,0.0
Tehnikaülikooli,2.0,0.0,0.0
S,1.0,0.0,0.0
Pank,6.0,0.0,0.0
Hansatee,2.0,0.0,0.0
KPMG,1.0,0.0,0.0
Liidult,2.0,0.0,0.0
Nafta,2.0,3.0,0.0
valitsus,5.0,0.0,0.0
Elektrijaamade,1.0,0.0,0.0
Energia,8.0,0.0,0.0
AS'i,1.0,0.0,0.0
liikluskindlustuse,1.0,0.0,0.0
Varakindlustuse,1.0,0.0,0.0
MRI,2.0,0.0,0.0
audiitor,1.0,0.0,0.0
Liit,8.0,0.0,3.0
Liidus,2.0,0.0,4.0
Komisjoni,3.0,0.0,0.0
Netcom,1.0,0.0,0.0
Sonera,2.0,0.0,0.0
Industri,1.0,0.0,0.0
International,1.0,0.0,0.0
Mobili,1.0,0.0,0.0
GSM,1.0,0.0,0.0
GSM-i,1.0,0.0,0.0
Tele2,1.0,0.0,0.0
Telefoni,4.0,0.0,0.0
Ruokatalo,2.0,0.0,0.0
Linnulihatooted,1.0,0.0,0.0
Linnulihatoodete,1.0,0.0,0.0
Lihakombinaat,1.0,0.0,0.0
Postimehele,2.0,0.0,0.0
SEBE,2.0,0.0,0.0
Soojus,2.0,1.0,0.0
Eraküte,1.0,0.0,0.0
Elule,1.0,0.0,0.0
Uksetehaselt,1.0,0.0,0.0
Yorgis,2.0,0.0,2.0
Inc,2.0,2.0,0.0
Lex,1.0,0.0,0.0
ülikoolis,3.0,0.0,0.0
õppekeskuses,1.0,0.0,0.0
vallavalitsuses,1.0,0.0,0.0
Times,8.0,0.0,0.0
Banki,2.0,0.0,0.0
Komitee,1.0,0.0,0.0
Life,1.0,1.0,0.0
Gruppi,1.0,0.0,0.0
Grupi,5.0,0.0,0.0
Hoiupanga,1.0,0.0,0.0
Grupp,2.0,2.0,0.0
Taanis,1.0,0.0,0.0
pank,1.0,0.0,0.0
linnavalitsuse,3.0,0.0,0.0
Praxis,1.0,0.0,0.0
büroos,2.0,0.0,0.0
Investeeringud,3.0,0.0,0.0
Grupist,1.0,0.0,0.0
Autolivile,1.0,0.0,0.0
Kaubamajja,1.0,0.0,0.0
Investeeringutes,1.0,0.0,0.0
Liviko,2.0,0.0,0.0
Kaubamaja,3.0,0.0,0.0
ketti,1.0,0.0,0.0
6e,1.0,0.0,0.0
Investeeringute,1.0,0.0,0.0
Siemens,1.0,0.0,0.0
Lego,1.0,0.0,0.0
Bankeni,1.0,0.0,0.0
ülemkohtusse,1.0,0.0,0.0
vanglasse,1.0,0.0,0.0
Most,3.0,2.0,0.0
Mosti,1.0,1.0,0.0
Bankile,1.0,0.0,0.0
Ltd,1.0,0.0,0.0
Banka,2.0,0.0,0.0
Linnavaraamet,1.0,0.0,0.0
Elamumajandusametile,1.0,0.0,0.0
Loto,1.0,0.0,0.0
Lotos,1.0,0.0,0.0
Vesi,5.0,0.0,0.0
Utilities,1.0,0.0,0.0
UU-d,1.0,0.0,0.0
UU,2.0,1.0,0.0
International'i,1.0,0.0,0.0
Water'i,1.0,0.0,0.0
Suursaatkonna,1.0,0.0,0.0
Piimaühistu,2.0,0.0,0.0
Piimaühistule,1.0,0.0,0.0
PÜ,2.0,0.0,0.0
Ilmarise,1.0,0.0,0.0
Kapitalil,1.0,0.0,0.0
Kapital,1.0,0.0,0.0
Raadio,1.0,0.0,0.0
Ookean,1.0,0.0,0.0
Hooldushaigla,1.0,0.0,0.0
SuperNetto,1.0,0.0,0.0
Kaubahall,2.0,0.0,0.0
Ärikeskus,1.0,0.0,0.0
Estiko,1.0,0.0,0.0
Ärikeskuse,1.0,0.0,0.0
A-Selver,1.0,0.0,0.0
Selveri,1.0,0.0,0.0
GMP,1.0,0.0,0.0
Päevaleht,5.0,0.0,0.0
maavalitsusest,1.0,0.0,0.0
Bussiliinid,6.0,0.0,0.0
Reigo,1.0,2.0,0.0
Väike-Õismäe,1.0,0.0,0.0
halduskohtus,1.0,0.0,0.0
linnakohtu,6.0,0.0,0.0
Justitia,3.0,0.0,0.0
Justitiale,1.0,0.0,0.0
politsei,2.0,0.0,0.0
linnakohus,4.0,0.0,0.0
ringkonnakohus,1.0,0.0,0.0
linnakohtus,2.0,0.0,0.0
linnavolikogu,1.0,0.0,0.0
Veho,1.0,0.0,0.0
Uninet,1.0,0.0,0.0
Naviplast,1.0,0.0,0.0
Äripank,1.0,0.0,0.0
Vallavolikogu,1.0,0.0,0.0
Vallavalitsus,2.0,0.0,0.0
OÜ,2.0,0.0,0.0
Maves,1.0,0.0,0.0
Estonia,2.0,0.0,0.0
Vereinsbank,1.0,0.0,0.0
Superstari,1.0,0.0,0.0
epl,2.0,0.0,0.0
Kingi,1.0,0.0,0.0
Warholi,1.0,8.0,0.0
Yorki,2.0,0.0,1.0
Yorgi,3.0,0.0,0.0
Angeleses,1.0,0.0,0.0
Kooningi,1.0,0.0,0.0
Valjakka,1.0,0.0,0.0
Factory-nimelisse,1.0,0.0,0.0
Linnateater,2.0,0.0,0.0
Kultuurkapital,1.0,0.0,0.0
Handelsblad,1.0,0.0,0.0
Keskagentuuris,1.0,0.0,0.0
Arhitektuurimuuseum,1.0,0.0,0.0
Review,1.0,0.0,0.0
Priimägi,1.0,3.0,0.0
Kunstihoones,1.0,0.0,0.0
McBride'i,1.0,0.0,0.0
teater,1.0,0.0,0.0
Televisioonis,1.0,0.0,0.0
Väinmaa,1.0,0.0,0.0
Baltica,1.0,0.0,0.0
Lipatti,1.0,0.0,0.0
Avalanche,1.0,0.0,0.0
Sharksi,1.0,0.0,0.0
Devils,1.0,0.0,0.0
Coyotes,1.0,0.0,0.0
Trashersi,1.0,0.0,0.0
Wild,1.0,0.0,0.0
Bay,3.0,0.0,0.0
Leafsi,1.0,0.0,0.0
Bruinsi,1.0,0.0,0.0
BAY,1.0,0.0,0.0
1,2.0,0.0,0.0
Kilger,1.0,0.0,0.0
JERSEY,1.0,0.0,0.0
May,1.0,1.0,0.0
2,3.0,0.0,0.0
Bombardir,1.0,0.0,0.0
Potvin,1.0,0.0,0.0
.,6.0,0.0,0.0
Pronger,1.0,0.0,0.0
Rangers,1.0,0.0,0.0
Islanders,1.0,0.0,0.0
Jose,1.0,0.0,0.0
Värav,1.0,0.0,0.0
AnZhi,1.0,1.0,0.0
Flora,4.0,0.0,0.0
Levadia,1.0,0.0,0.0
Town,1.0,0.0,0.0
Parkil,2.0,0.0,0.0
Trailblazersile,1.0,0.0,0.0
Celtics,1.0,0.0,0.0
Webber,1.0,0.0,0.0
Cavaliersi,1.0,0.0,0.0
Clippers-Denver,1.0,0.0,0.0
24,1.0,0.0,0.0
Sport,3.0,0.0,0.0
2001,1.0,0.0,0.0
I,1.0,1.0,0.0
Vilj,1.0,0.0,0.0
JK,3.0,0.0,0.0
Kadakas,1.0,0.0,0.0
II,1.0,2.0,0.0
Haapsalu,1.0,0.0,0.0
Rae,1.0,0.0,0.0
Kose,1.0,0.0,0.0
Regina,1.0,0.0,0.0
Loo,1.0,0.0,0.0
Toompea,1.0,0.0,0.0
Klooga,1.0,0.0,0.0
FC,1.0,0.0,0.0
Pakri,1.0,0.0,0.0
United,2.0,0.0,0.0
Kaitseliit,1.0,0.0,0.0
Võru,1.0,0.0,0.0
Villem,1.0,0.0,0.0
Rõõba,1.0,0.0,0.0
Garabik,1.0,0.0,0.0
AEK,1.0,0.0,0.0
VIP-i,1.0,0.0,0.0
Kinder,1.0,0.0,0.0
Spirou,1.0,0.0,0.0
Ceramica,1.0,0.0,0.0
Lions,1.0,0.0,0.0
Benetton,1.0,1.0,0.0
Real,1.0,0.0,0.0
Müller,1.0,0.0,0.0
PAOK,1.0,0.0,0.0
Buducnost,1.0,0.0,0.0
City,2.0,0.0,0.0
Kalevi,1.0,1.0,0.0
Küpriani,1.0,1.0,0.0
Ülikoolid,3.0,0.0,0.0
Papyrus,1.0,0.0,0.0
AS-i,4.0,0.0,0.0
Corporation,1.0,0.0,0.0
Bowling,1.0,0.0,0.0
Oy,6.0,0.0,0.0
Xerox,1.0,0.0,0.0
Kalamats,1.0,0.0,0.0
Spordimuuseumi,1.0,0.0,0.0
Muusemi,1.0,0.0,0.0
Florale,1.0,0.0,0.0
Levadiast,1.0,0.0,0.0
Florast,1.0,0.0,0.0
Alpides,1.0,0.0,0.0
Telindus,2.0,0.0,0.0
Suproliigas,1.0,0.0,0.0
Pilseni,1.0,0.0,0.0
Praskevicius,1.0,0.0,0.0
Press,3.0,1.0,0.0
Auto,5.0,0.0,0.0
Carlosse,2.0,0.0,0.0
Carlo,1.0,0.0,1.0
Start,1.0,0.0,0.0
Tulevikuga,1.0,0.0,0.0
Thodeseni,1.0,0.0,0.0
Rakvere,2.0,0.0,0.0
Ülikoolid-A,4.0,0.0,0.0
Rakverele,1.0,0.0,0.0
Vinnis,1.0,0.0,0.0
Solbergi,1.0,0.0,0.0
Kalevile,1.0,0.0,0.0
Cup,1.0,0.0,0.0
Ühispank,1.0,0.0,0.0
Sadam,1.0,0.0,0.0
Mobiiltelefon,1.0,0.0,0.0
Televisioon,2.0,0.0,0.0
ülikooli,4.0,0.0,0.0
Ülikooli,3.0,0.0,0.0
Päevalehes,1.0,0.0,0.0
Eesti,3.0,0.0,0.0
majanduspolitsei,2.0,0.0,0.0
Ehitus,2.0,0.0,0.0
Medical,1.0,0.0,0.0
Mõõdukad,2.0,0.0,0.0
Rahvaliit,3.0,0.0,0.0
Tööpartei,4.0,0.0,0.0
Rahvapartei,4.0,0.0,0.0
Kogu,2.0,0.0,0.0
Erakond,2.0,0.0,2.0
Ühtsuspartei,2.0,0.0,0.0
linnavalitsusele,1.0,0.0,0.0
Ühingu,1.0,0.0,0.0
Parteisse,1.0,0.0,0.0
Komisjonil,1.0,0.0,0.0
Ülemkogu,1.0,0.0,0.0
Ülemkogul,1.0,0.0,0.0
Nõukogu,4.0,0.0,0.0
Presli,1.0,0.0,0.0
Muusuemi,1.0,0.0,0.0
vanglate,1.0,0.0,0.0
vanglast,1.0,0.0,0.0
justiitsministeeriumi,1.0,0.0,0.0
Hasegawa,1.0,0.0,0.0
linnavalitsus,3.0,0.0,0.0
Põllumajandusülikool,1.0,0.0,0.0
EPMÜ,1.0,0.0,0.0
Ülikool,1.0,0.0,0.0
Lennukolledz,1.0,0.0,0.0
Liitu,2.0,0.0,1.0
Keskerakonna,1.0,0.0,0.0
Postimees,2.0,0.0,0.0
vallavolikogu,1.0,0.0,0.0
haigla,2.0,0.0,0.0
Liising,2.0,0.0,0.0
Lihakombinaadi,2.0,0.0,0.0
Ülikoolis,1.0,0.0,0.0
Kasuri,1.0,0.0,0.0
välisministeeriumis,1.0,0.0,0.0
Halduskogu,1.0,0.0,0.0
Rapeks,1.0,0.0,0.0
Rahvaliidu,4.0,0.0,0.0
Raudtee,5.0,0.0,0.0
Edelaraudtee,1.0,0.0,0.0
Kaardikeskuse,1.0,0.0,0.0
Merlega,1.0,0.0,0.0
Linnavalitsuse,1.0,0.0,0.0
Assamblee,1.0,0.0,0.0
Pankrannikule,1.0,0.0,0.0
linnakohtule,1.0,0.0,0.0
Ekspressis,4.0,0.0,0.0
prokuratuur,1.0,0.0,0.0
Alkohoolikute,1.0,0.0,0.0
Pluss,1.0,0.0,0.0
haiglast,1.0,0.0,0.0
Põllumajandusakadeemia,1.0,0.0,0.0
eeskuju,1.0,0.0,0.0
Plussi,1.0,0.0,0.0
talu,2.0,0.0,0.0
haiglasse,2.0,0.0,0.0
Tehvandi,1.0,0.0,0.0
Olümpiakeskus,1.0,0.0,0.0
Psühhiaatriakliiniku,1.0,0.0,0.0
Dünamo,1.0,0.0,0.0
Olümpiaakadeemia,1.0,0.0,0.0
si,2.0,4.0,0.0
prokuratuuri,1.0,0.0,0.0
Keskkonnauudistes,1.0,0.0,0.0
Õhtulehele,3.0,0.0,0.0
Lastekodu,1.0,0.0,0.0
Raudteele,1.0,0.0,0.0
Railwaysile,1.0,0.0,0.0
Railways,3.0,1.0,0.0
Koostöökoda,1.0,0.0,0.0
Patria,1.0,0.0,0.0
arengutee,1.0,0.0,0.0
Südamekliinik,1.0,0.0,0.0
Meditsiinikeskus,1.0,0.0,0.0
vallavalitsuse,1.0,0.0,0.0
Alutaguse,1.0,0.0,0.0
õppekeskuse,1.0,0.0,0.0
Tallinn,1.0,0.0,0.0
Puuviljaparadiis,1.0,0.0,0.0
Ülikoolides-A,1.0,0.0,0.0
Coqis,1.0,0.0,0.0
Registrite,1.0,0.0,0.0
Ameti,1.0,0.0,0.0
Liidust,1.0,0.0,0.0
Instituudi,1.0,1.0,0.0
kesklinnavalitsus,1.0,0.0,0.0
Rukon,1.0,0.0,0.0
Polli,1.0,1.0,0.0
Online,3.0,0.0,0.0
Bussiliinide,5.0,0.0,0.0
Õismäe,1.0,0.0,0.0
Autobussikoondisele,1.0,0.0,0.0
Energiaga,1.0,0.0,0.0
Energial,1.0,0.0,0.0
Sihtasutuse,2.0,0.0,0.0
Turismiarenduskeskuse,1.0,0.0,0.0
Tours,1.0,0.0,0.0
Küprian,1.0,0.0,0.0
Nyheter,1.0,0.0,0.0
Interpoli,1.0,0.0,0.0
Omavalitsus,1.0,0.0,0.0
Parlamendis,1.0,0.0,0.0
Rahvusassamblee,1.0,0.0,0.0
parlament,1.0,0.0,0.0
Parlament,1.0,0.0,0.0
Novosti,1.0,0.0,0.0
Tööparteid,1.0,0.0,0.0
Juurdlusbüroo,1.0,0.0,0.0
Pressiklubis,1.0,0.0,0.0
raportis,1.0,0.0,0.0
Gazeta,3.0,0.0,0.0
ülikoolist,1.0,0.0,0.0
Tai,2.0,2.0,0.0
kaitseministeeriumi,1.0,0.0,0.0
Kaitseministeerium,1.0,0.0,0.0
kaubanduskeskuses,1.0,0.0,0.0
Relvajõud,1.0,0.0,0.0
Vabastusarmeega,1.0,0.0,0.0
kohtult,1.0,0.0,0.0
Post,5.0,0.0,0.0
partei,2.0,0.0,0.0
Rock,1.0,0.0,0.0
CNNi,1.0,0.0,0.0
Eläimille,1.0,1.0,0.0
Moi,1.0,0.0,0.0
Retrospect,1.0,0.0,0.0
Tragedy,1.0,0.0,0.0
Muuseumis,1.0,0.0,0.0
Museum,1.0,0.0,0.0
Ekspress,2.0,0.0,0.0
Süstlamäel,1.0,0.0,0.0
Vabariigi,1.0,0.0,0.0
Kongress,1.0,0.0,0.0
Kosovo,1.0,0.0,0.0
Terviseorganisatsioon,1.0,0.0,0.0
Network,1.0,0.0,0.0
Mostil,1.0,0.0,0.0
al-Masri,1.0,0.0,0.0
Keskuse,1.0,0.0,0.0
Gore,1.0,0.0,0.0
ülemkohtu,1.0,0.0,0.0
Journal,1.0,0.0,0.0
Publishing,1.0,1.0,0.0
Tribune,4.0,0.0,0.0
Sentinel,2.0,1.0,0.0
Timesi,1.0,0.0,0.0
Keskus,1.0,0.0,0.0
Yorgist,1.0,0.0,0.0
bns,2.0,0.0,0.0
Jornal,1.0,0.0,0.0
büroo,1.0,0.0,0.0
Herald,1.0,0.0,0.0
Cardenas,1.0,0.0,0.0
fraktsiooni,2.0,0.0,0.0
Kultuurikolledzhi,1.0,0.0,0.0
maavalitsuse,1.0,0.0,0.0
Dotsent,1.0,0.0,0.0
siseministeeriumi,1.0,0.0,0.0
Alliance,1.0,0.0,0.0
AG,1.0,0.0,0.0
Koordinaator,1.0,0.0,0.0
Vice'ist,1.0,0.0,0.0
Telefon,1.0,0.0,0.0
Xboxi,3.0,0.0,0.0
muusikakooli,1.0,0.0,0.0
Erakooli,1.0,0.0,0.0
Politseiosakonna,1.0,0.0,0.0
F3,1.0,0.0,0.0
Jaguar,1.0,0.0,0.0
TT,1.0,0.0,0.0
Prowlereid,1.0,0.0,0.0
FX45,1.0,0.0,0.0
V8,1.0,0.0,0.0
Ringo,1.0,0.0,0.0
Cruiser,1.0,0.0,0.0
Trend,1.0,0.0,0.0
HD,1.0,0.0,0.0
Runner,1.0,0.0,0.0
Subarut,1.0,0.0,0.0
Autoassotsiatsiooni,1.0,0.0,0.0
DeVille,1.0,0.0,0.0
Denali,1.0,0.0,0.0
Co,1.0,0.0,0.0
America,1.0,0.0,0.0
Paulos,1.0,0.0,0.0
A4,1.0,0.0,0.0
Rover,1.0,0.0,0.0
Rrakverest,1.0,0.0,0.0
Erilaiu,1.0,1.0,0.0
Voin,1.0,0.0,0.0
Õhtulehe,1.0,0.0,0.0
Keskkomitee,1.0,0.0,0.0
Raadiot,1.0,0.0,0.0
Erilaid,1.0,3.0,0.0
raadiost,1.0,0.0,0.0
Õhtuleht,1.0,0.0,0.0
Mafia,1.0,0.0,0.0
raadio,1.0,0.0,0.0
tehase,1.0,0.0,0.0
Again,1.0,0.0,0.0
Timesile,1.0,0.0,0.0
Hallis,1.0,0.0,0.0
Records,2.0,0.0,0.0
Maja,2.0,0.0,0.0
Majja,1.0,0.0,0.0
justiitsministeeriumis,2.0,0.0,0.0
keskkooli,1.0,0.0,0.0
Ekspressi,2.0,0.0,0.0
Roos,1.0,5.0,0.0
Bingoloto,1.0,0.0,0.0
2s,1.0,0.0,0.0
Televisiooni,1.0,0.0,0.0
Draamateatrist,1.0,0.0,0.0
õppemaks,1.0,0.0,0.0
teatrist,1.0,0.0,0.0
Rummo,1.0,0.0,0.0
Draamateatri,1.0,0.0,0.0
Filharmoonias,1.0,0.0,0.0
Koreograafiakooli,1.0,0.0,0.0
Chongi,1.0,10.0,0.0
Claire,2.0,0.0,0.0
Neitsisaartel,1.0,0.0,0.0
Motors,1.0,0.0,0.0
Motorsi,1.0,0.0,0.0
hotelli,1.0,0.0,0.0
Corpi,1.0,0.0,0.0
Peterman,1.0,0.0,0.0
T,1.0,0.0,0.0
börsil,3.0,0.0,0.0
Õlletehase,1.0,0.0,0.0
Corp-le,2.0,0.0,0.0
Nikkei,1.0,0.0,0.0
HEX,2.0,0.0,0.0
DAX,1.0,0.0,0.0
Energiasüsteemi,1.0,0.0,0.0
Telekomas,1.0,0.0,0.0
A,1.0,0.0,0.0
Bankase,1.0,0.0,0.0
Scientist,1.0,0.0,0.0
Raekoja,1.0,0.0,0.0
Taide,1.0,0.0,0.0
Scientistis,1.0,0.0,0.0
factumile,1.0,0.0,0.0
Thaisi,1.0,0.0,0.0
Sassi,1.0,0.0,0.0
haiglas,1.0,0.0,0.0
Sõna,1.0,0.0,0.0
Halleluuja,1.0,0.0,0.0
Quikstad,1.0,0.0,0.0
gümnaasium,1.0,0.0,0.0
lastepäevakodu,1.0,0.0,0.0
Ühisgümnaasiumis,1.0,0.0,0.0
Kolledzhis,1.0,0.0,0.0
lastehaigla,1.0,0.0,0.0
Deventer,1.0,0.0,0.0
Mereakadeemias,1.0,0.0,0.0
Laidi,1.0,0.0,0.0
IS,1.0,0.0,0.0
Worcester,1.0,0.0,0.0
Lillekülas,1.0,0.0,0.0
Fancy,4.0,0.0,0.0
galeriist,1.0,0.0,0.0
Clinton,0.0,3.0,0.0
Kanguse,0.0,1.0,0.0
Mõisa,0.0,3.0,0.0
Voogi,0.0,1.0,0.0
Virkus,0.0,1.0,0.0
Kivimaa,0.0,2.0,0.0
Pärnoja,0.0,2.0,0.0
Adusoni,0.0,1.0,0.0
Ross,0.0,1.0,0.0
Saarniit,0.0,2.0,0.0
Karon,0.0,1.0,0.0
Kruuda,0.0,1.0,0.0
Vabrikutes,0.0,1.0,0.0
Suurväli,0.0,2.0,0.0
Kolbakovile,0.0,1.0,0.0
Meoselt,0.0,1.0,0.0
Meose,0.0,1.0,0.0
Mõttusele,0.0,2.0,0.0
Kolbakoviga,0.0,1.0,0.0
Ressarilt,0.0,1.0,0.0
Kugnieciba,0.0,1.0,0.0
Grinblats,0.0,1.0,0.0
Rääk,0.0,1.0,0.0
Berdal,0.0,1.0,0.0
Uulits,0.0,1.0,0.0
Treude,0.0,3.0,0.0
Singer,0.0,1.0,0.0
Singeri,0.0,1.0,0.0
Media,0.0,4.0,1.0
Stankevicius,0.0,1.0,0.0
Paulauskas,0.0,1.0,0.0
Makauskas,0.0,1.0,0.0
Peensoo,0.0,4.0,0.0
Kallaste,0.0,1.0,0.0
Tapver,0.0,5.0,0.0
Tatter,0.0,1.0,0.0
Leht,0.0,2.0,0.0
Striaukas,0.0,1.0,0.0
Savinis,0.0,1.0,0.0
Grinvalds,0.0,1.0,0.0
Kalvitise,0.0,1.0,0.0
Ribickis,0.0,1.0,0.0
Handelsbanken,0.0,1.0,0.0
Cementas,0.0,1.0,0.0
Cementasi,0.0,1.0,0.0
Kristopaitis,0.0,1.0,0.0
Cementase,0.0,1.0,0.0
Repše,0.0,2.0,0.0
Hunt,0.0,2.0,0.0
Laari,0.0,2.0,0.0
Internationali,0.0,1.0,0.0
Bumgarner,0.0,1.0,0.0
Naftale,0.0,2.0,0.0
Abisala,0.0,1.0,0.0
Lionginas,0.0,1.0,0.0
Naftal,0.0,2.0,0.0
Adamkuse,0.0,1.0,0.0
Pakšasega,0.0,1.0,0.0
Peegel,0.0,1.0,0.0
Rumessen,0.0,1.0,0.0
EA,0.0,1.0,0.0
Ruusalu,0.0,2.0,0.0
Järve,0.0,3.0,0.0
Oro,0.0,1.0,0.0
Ruutsoo,0.0,1.0,0.0
Kindsigo,0.0,1.0,0.0
Arnover,0.0,1.0,0.0
Rosengren,0.0,2.0,0.0
Liikaneniga,0.0,1.0,0.0
Securitiese,0.0,1.0,0.0
Graversen,0.0,1.0,0.0
Strand,0.0,1.0,0.0
Jaaksoo,0.0,1.0,0.0
Aavik,0.0,2.0,0.0
Edela,0.0,1.0,0.0
Schnur,0.0,1.0,0.0
Paju,0.0,4.0,0.0
Jairus,0.0,1.0,0.0
Inc'ile,0.0,1.0,0.0
Kallas,0.0,3.0,0.0
Suurvälja,0.0,1.0,0.0
The,0.0,1.0,0.0
Honma,0.0,1.0,0.0
Taevas,0.0,1.0,0.0
Osaka,0.0,1.0,0.0
Mori,0.0,1.0,0.0
Tsushini,0.0,1.0,0.0
Lynchist,0.0,1.0,0.0
Miyazawa,0.0,1.0,0.0
Porter,0.0,1.0,0.0
Neivelt,0.0,2.0,0.0
Pekk,0.0,1.0,0.0
KANGUR,0.0,1.0,0.0
Nordbankeni,0.0,1.0,0.0
Joosu,0.0,1.0,0.0
Järvaniga,0.0,1.0,0.0
Vaarik,0.0,1.0,0.0
Lõhmus,0.0,4.0,0.0
Kuusk,0.0,2.0,0.0
Kukk,0.0,3.0,0.0
Vahar,0.0,1.0,0.0
Uudam,0.0,1.0,0.0
Kangur,0.0,1.0,0.0
Kunila,0.0,3.0,0.0
Käo,0.0,3.0,0.0
Veskimäge,0.0,1.0,0.0
Gateski,0.0,1.0,0.0
Vanaselja,0.0,1.0,0.0
Järving,0.0,1.0,0.0
Gates,0.0,2.0,0.0
Lykkegaard,0.0,1.0,0.0
Straw,0.0,1.0,0.0
Brown,0.0,2.0,0.0
Tsimailo,0.0,1.0,0.0
Trošini,0.0,1.0,0.0
Gussinski,0.0,4.0,0.0
Garzoni,0.0,1.0,0.0
Mediale,0.0,1.0,1.0
Turner,0.0,2.0,0.0
Deljagin,0.0,1.0,0.0
Vejins,0.0,1.0,0.0
Štšetinin,0.0,1.0,0.0
Zeltins,0.0,1.0,0.0
Logi,0.0,1.0,0.0
Mõis,0.0,4.0,0.0
Tiiter,0.0,1.0,0.0
Lowe,0.0,1.0,0.0
Waters,0.0,1.0,0.0
Jeantet,0.0,1.0,0.0
Squire,0.0,1.0,0.0
Securities,0.0,1.0,0.0
Pächteri,0.0,1.0,0.0
Steinberg,0.0,1.0,0.0
Maadvere,0.0,1.0,0.0
Visnapuu,0.0,1.0,0.0
Sauk,0.0,1.0,0.0
Sõrmus,0.0,1.0,0.0
Tänav,0.0,3.0,0.0
Bussile,0.0,1.0,0.0
Honkanen,0.0,2.0,0.0
Finland,0.0,2.0,0.0
Savisaare,0.0,1.0,0.0
Väli,0.0,4.0,0.0
Välilt,0.0,3.0,0.0
Sepp,0.0,3.0,0.0
Välile,0.0,2.0,0.0
Vichmannilt,0.0,1.0,0.0
Lasn,0.0,1.0,0.0
Reapi,0.0,1.0,0.0
Jõgi,0.0,1.0,0.0
Aameri,0.0,1.0,0.0
Kogan,0.0,1.0,0.0
Eilart,0.0,1.0,0.0
Bain,0.0,1.0,0.0
Tali,0.0,1.0,0.0
Depp,0.0,1.0,0.0
Eastwood,0.0,2.0,0.0
Travolta,0.0,1.0,0.0
Sikk,0.0,1.0,0.0
Kivi,0.0,2.0,0.0
Pomerants,0.0,1.0,0.0
Kivile,0.0,1.0,0.0
OOTAVAD,0.0,1.0,0.0
Gaškov,0.0,1.0,0.0
Erlach,0.0,1.0,0.0
Joala,0.0,2.0,0.0
Viilupi,0.0,3.0,0.0
Meel,0.0,2.0,0.0
Warholale,0.0,1.0,0.0
Warhola,0.0,1.0,0.0
Warhol,0.0,7.0,0.0
Hacketti,0.0,1.0,0.0
Hackett,0.0,1.0,0.0
Pollocki,0.0,1.0,0.0
Helsingi-näitus,0.0,1.0,0.0
Mugrabe,0.0,1.0,0.0
Monroe,0.0,1.0,0.0
Hackettile,0.0,1.0,0.0
Nilsson,0.0,1.0,0.0
Bitter,0.0,1.0,0.0
SHprits,0.0,1.0,0.0
Tammearu,0.0,1.0,0.0
Fomitshev,0.0,1.0,0.0
Roo,0.0,1.0,0.0
Kalda,0.0,2.0,0.0
Meriste,0.0,1.0,0.0
Ermel,0.0,1.0,0.0
jt.,0.0,2.0,0.0
Bitteri,0.0,1.0,0.0
Zhpritsi,0.0,1.0,0.0
Visnap,0.0,1.0,0.0
Ginkase,0.0,1.0,0.0
Ginki,0.0,1.0,0.0
Marmeladova,0.0,1.0,0.0
Ivanovna,0.0,1.0,0.0
Mõsina,0.0,1.0,0.0
Ivanovnasse,0.0,1.0,0.0
Keerend,0.0,1.0,0.0
Wasserman,0.0,1.0,0.0
Kruusamäe,0.0,1.0,0.0
Allik,0.0,1.0,0.0
Kagovere,0.0,1.0,0.0
Eelma,0.0,1.0,0.0
Meele,0.0,1.0,0.0
Krossist,0.0,1.0,0.0
Langeveld,0.0,1.0,0.0
Lennonile,0.0,1.0,0.0
Villa,0.0,1.0,0.0
Castro,0.0,1.0,0.0
Imagine'ist,0.0,1.0,0.0
Alarcón,0.0,1.0,0.0
Stalini,0.0,1.0,0.0
Jefimov,0.0,1.0,0.0
Vahteri,0.0,1.0,0.0
Hallase,0.0,1.0,0.0
Kompuse,0.0,1.0,0.0
Kuusikule,0.0,1.0,0.0
Tammeti,0.0,1.0,0.0
Tammoja,0.0,1.0,0.0
Ojari,0.0,1.0,0.0
Sachariase,0.0,1.0,0.0
Kusmini,0.0,1.0,0.0
kohver,0.0,1.0,0.0
Treier,0.0,2.0,0.0
Exley,0.0,1.0,0.0
Kiiler,0.0,1.0,0.0
Josing,0.0,3.0,0.0
Lapin,0.0,1.0,0.0
Estland,0.0,1.0,0.0
Kurvel,0.0,1.0,0.0
Küttner,0.0,1.0,0.0
Kurreli,0.0,1.0,0.0
Alliku,0.0,1.0,0.0
Kondase,0.0,4.0,0.0
Männiste,0.0,1.0,0.0
Allikvee,0.0,1.0,0.0
Washingtoni,0.0,2.0,0.0
Washington,0.0,1.0,0.0
Ramage,0.0,1.0,0.0
Ramage'i,0.0,1.0,0.0
Christie,0.0,2.0,0.0
Vespaga,0.0,1.0,0.0
Wackerbarthi,0.0,1.0,0.0
Ruschi,0.0,1.0,0.0
Schmitti,0.0,1.0,0.0
Prosa,0.0,1.0,0.0
Prikk,0.0,1.0,0.0
Sõmer,0.0,1.0,0.0
Kello,0.0,1.0,0.0
Celma,0.0,1.0,0.0
Vilu,0.0,1.0,0.0
Raud,0.0,1.0,0.0
PUUDUVAD,0.0,1.0,0.0
McKee,0.0,1.0,0.0
Sisaski,0.0,1.0,0.0
Berestovaja,0.0,1.0,0.0
Morissette'i,0.0,1.0,0.0
Vaus-tamm,0.0,1.0,0.0
Tulev,0.0,1.0,0.0
Schnittke,0.0,2.0,0.0
Kremer,0.0,1.0,0.0
Kantšeli,0.0,1.0,0.0
Jacket,0.0,1.0,0.0
Roy,0.0,1.0,0.0
Nabokoviga,0.0,1.0,0.0
Wildi,0.0,1.0,0.0
Denis,0.0,1.0,0.0
Deadmarsh,0.0,2.0,0.0
Sakic,0.0,2.0,0.0
Turco,0.0,1.0,0.0
Belfouri,0.0,1.0,0.0
Wilson,0.0,1.0,0.0
Lemaire,0.0,1.0,0.0
Ludziki,0.0,1.0,0.0
Tortorella,0.0,1.0,0.0
Cloutier,0.0,1.0,0.0
Johnson,0.0,2.0,0.0
Zjuzin,0.0,1.0,0.0
Lecavalier,0.0,1.0,0.0
Holzinger,0.0,1.0,0.0
Haritonov,0.0,1.0,0.0
Modin,0.0,1.0,0.0
Koroljov,0.0,1.0,0.0
Perreault,0.0,1.0,0.0
Manson,0.0,1.0,0.0
Thornton,0.0,1.0,0.0
Rolston,0.0,1.0,0.0
Samsonov,0.0,1.0,0.0
Sweeney,0.0,1.0,0.0
Eloranta,0.0,1.0,0.0
Asham,0.0,1.0,0.0
Holik,0.0,1.0,0.0
Brõlin,0.0,1.0,0.0
McKay,0.0,1.0,0.0
Alatalo,0.0,1.0,0.0
Väänänen,0.0,1.0,0.0
Mogilnõi,0.0,1.0,0.0
Elias,0.0,1.0,0.0
Stevens,0.0,1.0,0.0
Gomez,0.0,1.0,0.0
Sykora,0.0,1.0,0.0
Arnott,0.0,1.0,0.0
Hull,0.0,1.0,0.0
Nieuwendyk,0.0,1.0,0.0
Sydor,0.0,1.0,0.0
Audette,0.0,1.0,0.0
Ferraro,0.0,1.0,0.0
Tremblay,0.0,1.0,0.0
Morrow,0.0,1.0,0.0
Marshall,0.0,1.0,0.0
Hatcher,0.0,1.0,0.0
Brunette,0.0,1.0,0.0
Forsberg,0.0,1.0,0.0
Bourque,0.0,1.0,0.0
Sanderson,0.0,1.0,0.0
Knutsen,0.0,1.0,0.0
Drury,0.0,1.0,0.0
Skoula,0.0,1.0,0.0
Tanguay,0.0,1.0,0.0
deVries,0.0,1.0,0.0
Gardiner,0.0,1.0,0.0
Odelein,0.0,1.0,0.0
Nielsen,0.0,1.0,0.0
Gavey,0.0,1.0,0.0
Pellerin,0.0,1.0,0.0
Stewart,0.0,1.0,0.0
Leschyshyn,0.0,1.0,0.0
Roest,0.0,1.0,0.0
Sekeras,0.0,1.0,0.0
McKenna,0.0,1.0,0.0
Walker,0.0,1.0,0.0
Legwand,0.0,1.0,0.0
Poti,0.0,1.0,0.0
Carter,0.0,1.0,0.0
Weight,0.0,1.0,0.0
Arhipov,0.0,1.0,0.0
Hartnell,0.0,1.0,0.0
Smith,0.0,1.0,0.0
Comrie,0.0,1.0,0.0
Laraque,0.0,1.0,0.0
Valicevic,0.0,1.0,0.0
Robitaille,0.0,1.0,0.0
Skrastins,0.0,1.0,0.0
Cisar,0.0,1.0,0.0
Kjellberg,0.0,1.0,0.0
Fitzgerald,0.0,1.0,0.0
Druken,0.0,1.0,0.0
Brashear,0.0,1.0,0.0
Lachance,0.0,1.0,0.0
McEachern,0.0,1.0,0.0
Alfredsson,0.0,1.0,0.0
Redden,0.0,1.0,0.0
Arvedson,0.0,1.0,0.0
Fisher,0.0,1.0,0.0
Rachunek,0.0,1.0,0.0
Hossa,0.0,1.0,0.0
Bonk,0.0,1.0,0.0
Jašin,0.0,1.0,0.0
Havelid,0.0,1.0,0.0
Tenkrat,0.0,1.0,0.0
Tverdovski,0.0,1.0,0.0
MacInnis,0.0,1.0,0.0
Salvador,0.0,1.0,0.0
Turgeon,0.0,2.0,0.0
Hecht,0.0,1.0,0.0
Young,0.0,1.0,0.0
Conroy,0.0,1.0,0.0
Nash,0.0,1.0,0.0
Selänne,0.0,1.0,0.0
McInnis,0.0,1.0,0.0
Col,0.0,1.0,0.0
Atl,0.0,2.0,0.0
Pit,0.0,3.0,0.0
Edm,0.0,1.0,0.0
Bos,0.0,2.0,0.0
NYR,0.0,1.0,0.0
Det,0.0,1.0,0.0
Ott,0.0,3.0,0.0
Was,0.0,1.0,0.0
Dal,0.0,1.0,0.0
Van,0.0,1.0,0.0
Chi,0.0,1.0,0.0
Tohver,0.0,4.0,0.0
SHvets,0.0,1.0,0.0
Pareiko,0.0,2.0,0.0
SHvetsi,0.0,1.0,0.0
Pohlak,0.0,1.0,0.0
Kazakov,0.0,1.0,0.0
Lehiste,0.0,1.0,0.0
Palace,0.0,2.0,0.0
Owen,0.0,1.0,0.0
Houllier,0.0,1.0,0.0
Litmaneni,0.0,1.0,0.0
Smiceri,0.0,1.0,0.0
Hotspuri,0.0,1.0,0.0
Lane'l,0.0,2.0,0.0
Erikssoni,0.0,1.0,0.0
Wallace,0.0,1.0,0.0
McKie,0.0,1.0,0.0
Stoudamire,0.0,1.0,0.0
Gatling,0.0,1.0,0.0
Exel,0.0,1.0,0.0
LÄÄS,0.0,2.0,0.0
Longo,0.0,1.0,0.0
Cattarinussi,0.0,1.0,0.0
Gjelland,0.0,2.0,0.0
Andresen,0.0,2.0,0.0
Björndalen,0.0,4.0,0.0
Morgenstern,0.0,1.0,0.0
Sendel,0.0,1.0,0.0
Wolf,0.0,1.0,0.0
Gross,0.0,1.0,0.0
Aidarov,0.0,1.0,0.0
Sõman,0.0,1.0,0.0
Rõženkov,0.0,1.0,0.0
Šašurin,0.0,1.0,0.0
Defrasne,0.0,1.0,0.0
Robert,0.0,1.0,0.0
Poiree,0.0,1.0,0.0
Masarik,0.0,1.0,0.0
Dostal,0.0,1.0,0.0
Vitek,0.0,1.0,0.0
Favre,0.0,1.0,0.0
Pallhuber,0.0,1.0,0.0
Müürsepa,0.0,1.0,0.0
Mühlegg,0.0,2.0,0.0
Hoffmanni,0.0,1.0,0.0
Sommerfeldti,0.0,1.0,0.0
Austria,0.0,5.0,0.0
Sommerfeldt,0.0,1.0,0.0
Spanuth,0.0,1.0,0.0
Zorzi,0.0,1.0,0.0
Cottrer,0.0,1.0,0.0
Valbusa,0.0,1.0,0.0
Wadsworth,0.0,1.0,0.0
Itaalia,0.0,1.0,0.0
Maj,0.0,1.0,0.0
Batory,0.0,1.0,0.0
Liechtenstein,0.0,1.0,0.0
Bajcicak,0.0,1.0,0.0
Jaapan,0.0,1.0,0.0
Burgermeister,0.0,1.0,0.0
Šveits,0.0,1.0,0.0
Vittoz,0.0,1.0,0.0
Jonnier,0.0,1.0,0.0
Aschwanden,0.0,1.0,0.0
Verdenius,0.0,1.0,0.0
Rölli,0.0,1.0,0.0
Gutierrez,0.0,1.0,0.0
Whitney,0.0,1.0,0.0
Rousselet,0.0,1.0,0.0
Moore'i,0.0,3.0,0.0
Niinepuu,0.0,6.0,0.0
Moore,0.0,3.0,0.0
Mölder,0.0,1.0,0.0
Kööp,0.0,1.0,0.0
Konsap,0.0,1.0,0.0
Murdmets,0.0,1.0,0.0
Lutt,0.0,1.0,0.0
Sait,0.0,1.0,0.0
Lunden,0.0,1.0,0.0
Uotila,0.0,1.0,0.0
Turtiainen,0.0,1.0,0.0
Mannonen,0.0,1.0,0.0
Heinilä,0.0,1.0,0.0
Hossi,0.0,1.0,0.0
Halme,0.0,1.0,0.0
Pankki,0.0,1.0,0.0
Yhtymä,0.0,1.0,0.0
Vaidla,0.0,2.0,0.0
Talv,0.0,1.0,0.0
Haldre,0.0,1.0,0.0
Veide,0.0,1.0,0.0
Juursoo,0.0,1.0,0.0
Mahhatškala,0.0,1.0,0.0
Tohveri,0.0,1.0,0.0
Švets,0.0,4.0,0.0
Tohverist,0.0,2.0,0.0
Maradona,0.0,1.0,0.0
Caniggia,0.0,1.0,0.0
Hingist,0.0,1.0,0.0
Clijstersiga,0.0,1.0,0.0
Hingis,0.0,1.0,0.0
Schumacheri,0.0,1.0,0.0
Kullamäe,0.0,5.0,0.0
Mulaomerovic,0.0,1.0,0.0
Drobnjak,0.0,1.0,0.0
Kerschaever,0.0,1.0,0.0
Pehka,0.0,1.0,0.0
Holden,0.0,1.0,0.0
Biggs,0.0,1.0,0.0
Vaher,0.0,2.0,0.0
Märtin,0.0,3.0,0.0
Impreza,0.0,4.0,0.0
Lapworth,0.0,2.0,0.0
Burnsi,0.0,2.0,0.0
Arai,0.0,2.0,0.0
Lemsalu,0.0,2.0,0.0
Lillegårdiga,0.0,1.0,0.0
Thordarsoni,0.0,1.0,0.0
Operile,0.0,1.0,0.0
Terehhov,0.0,1.0,0.0
Viikmäe,0.0,1.0,0.0
Drangsholvi,0.0,1.0,0.0
Reinbok,0.0,1.0,0.0
Sokku,0.0,1.0,0.0
Teniste,0.0,1.0,0.0
Varblasele,0.0,1.0,0.0
Kuusmaa,0.0,1.0,0.0
Tagametsa,0.0,1.0,0.0
Kerde,0.0,1.0,0.0
Noormetsaga,0.0,1.0,0.0
Grigorjev,0.0,1.0,0.0
Martinson,0.0,1.0,0.0
Šmigun,0.0,1.0,0.0
Neumannova,0.0,1.0,0.0
Neumannovale,0.0,1.0,0.0
Skari,0.0,2.0,0.0
Scottile,0.0,1.0,0.0
Paruzzile,0.0,1.0,0.0
Belmondo,0.0,1.0,0.0
Tšepalova,0.0,3.0,0.0
Vähi,0.0,2.0,0.0
Pahv,0.0,1.0,0.0
Coqi,0.0,8.0,0.0
Valeiko,0.0,1.0,0.0
Heinaru,0.0,1.0,0.0
Saagi,0.0,1.0,0.0
Sõber,0.0,3.0,0.0
Rumma,0.0,3.0,0.0
Halliko,0.0,1.0,0.0
Nuka,0.0,1.0,0.0
Coq,0.0,14.0,0.0
Nikolotov,0.0,1.0,0.0
Metstak,0.0,2.0,0.0
Erkmaa,0.0,1.0,0.0
Pehkata,0.0,1.0,0.0
Rüütel,0.0,1.0,0.0
Grigorjani,0.0,1.0,0.0
Arike,0.0,1.0,0.0
Kalevit,0.0,1.0,0.0
Saag,0.0,1.0,0.0
Lokutsievski,0.0,1.0,0.0
Allingu,0.0,1.0,0.0
Coqil,0.0,1.0,0.0
Melnik,0.0,1.0,0.0
Erkmaad,0.0,1.0,0.0
Villersi,0.0,1.0,0.0
Jürine,0.0,3.0,0.0
Märtinile,0.0,2.0,0.0
Subarule,0.0,1.0,0.0
Märtinilt,0.0,1.0,0.0
Hassan,0.0,1.0,0.0
Matthäusiga,0.0,1.0,0.0
Kasparov,0.0,1.0,0.0
Kramnikule,0.0,1.0,0.0
Anandil,0.0,1.0,0.0
Ehlvest,0.0,1.0,0.0
Beljavskiga,0.0,1.0,0.0
Rõtšagovi,0.0,1.0,0.0
Külaotsal,0.0,1.0,0.0
Salumäe,0.0,1.0,0.0
Lajunen,0.0,1.0,0.0
Shmigun,0.0,4.0,0.0
Belmondost,0.0,1.0,0.0
Shmiguni,0.0,3.0,0.0
Scott,0.0,2.0,0.0
Paruzzi,0.0,1.0,0.0
Belmondot,0.0,1.0,0.0
Paruzzit,0.0,1.0,0.0
Kerese,0.0,1.0,0.0
Oll,0.0,1.0,0.0
Polgar,0.0,1.0,0.0
Timman,0.0,1.0,0.0
Tammert-seenior,0.0,1.0,0.0
Kiige,0.0,1.0,0.0
Vetemaa,0.0,1.0,0.0
Olde,0.0,1.0,0.0
Mazzacane,0.0,3.0,0.0
Alesi,0.0,3.0,0.0
Prost,0.0,3.0,0.0
Lääne,0.0,1.0,0.0
Nool,0.0,2.0,0.0
Hotels,0.0,1.0,0.0
Kuku,0.0,1.0,0.0
Kommerts,0.0,1.0,0.0
Urm,0.0,1.0,0.0
Kangro,0.0,1.0,0.0
Aaviksoo,0.0,1.0,0.0
Kriiska,0.0,4.0,0.0
Lillo,0.0,1.0,0.0
Barbo,0.0,2.0,0.0
Kelder,0.0,2.0,0.0
Kranich,0.0,2.0,0.0
Kelderi,0.0,1.0,0.0
Padjuse,0.0,1.0,0.0
Loodus,0.0,2.0,0.0
Jõks,0.0,1.0,0.0
Rask,0.0,3.0,0.0
Sammelselg,0.0,1.0,0.0
Meri,0.0,11.0,0.0
Varkel,0.0,1.0,0.0
Luik,0.0,2.0,0.0
Kunnase,0.0,2.0,0.0
Moora,0.0,4.0,0.0
Kunnas,0.0,2.0,0.0
Michelson,0.0,1.0,0.0
Balti,0.0,1.0,0.0
Raag,0.0,1.0,0.0
Niro,0.0,1.0,0.0
Jacksoni,0.0,1.0,0.0
Saaristi,0.0,1.0,0.0
Sõer,0.0,1.0,0.0
Herodes,0.0,1.0,0.0
Bonnier,0.0,1.0,0.0
Ilvesega,0.0,2.0,0.0
Perssoni,0.0,1.0,0.0
Streimanni,0.0,1.0,0.0
Vilba,0.0,4.0,0.0
Cornwelliga,0.0,1.0,0.0
Pakosta,0.0,6.0,0.0
Koppel,0.0,1.0,0.0
Ligi,0.0,3.0,0.0
Linde,0.0,1.0,0.0
Meritsa,0.0,1.0,0.0
Ülesoo,0.0,1.0,0.0
Kreisi,0.0,1.0,0.0
Kuuse,0.0,1.0,0.0
Kopli,0.0,3.0,0.0
Lekko,0.0,1.0,0.0
Paaveli,0.0,1.0,0.0
Loidi,0.0,1.0,0.0
Keldrima,0.0,1.0,0.0
Leemets,0.0,2.0,0.0
Ilves,0.0,3.0,0.0
Paeti,0.0,1.0,0.0
Jürgensoni,0.0,1.0,0.0
Reiljan,0.0,2.0,0.0
Kreitzberg,0.0,2.0,0.0
Tõnisson,0.0,2.0,0.0
Šuba,0.0,1.0,0.0
Köst,0.0,1.0,0.0
Malk,0.0,1.0,0.0
Štšetin,0.0,1.0,0.0
Villemson,0.0,1.0,0.0
Blinkovs,0.0,1.0,0.0
Ušakov,0.0,1.0,0.0
Rebbas,0.0,1.0,0.0
Batluk,0.0,1.0,0.0
Tamberg,0.0,1.0,0.0
Jürgens,0.0,1.0,0.0
Rannamäe,0.0,1.0,0.0
Lukas,0.0,2.0,0.0
Jürgensonile,0.0,1.0,0.0
Merile,0.0,3.0,0.0
Kama,0.0,2.0,0.0
Müllerson,0.0,1.0,0.0
Pihlakas,0.0,1.0,0.0
Tarand,0.0,1.0,0.0
Truuväli,0.0,1.0,0.0
Sootakki,0.0,1.0,0.0
Odarit,0.0,1.0,0.0
Raidlat,0.0,1.0,0.0
Sootakit,0.0,1.0,0.0
Kergandbergi,0.0,1.0,0.0
Oviiri,0.0,1.0,0.0
Käbinit,0.0,1.0,0.0
Reenumägi,0.0,1.0,0.0
Pruksi,0.0,1.0,0.0
Meruskit,0.0,1.0,0.0
Särgavat,0.0,1.0,0.0
Koolmeistrit,0.0,1.0,0.0
Hallmägi,0.0,1.0,0.0
Jürgen,0.0,1.0,0.0
SEADUSES,0.0,1.0,0.0
Aili,0.0,1.0,0.0
Linno,0.0,1.0,0.0
Erelt,0.0,1.0,0.0
Brazauskas,0.0,2.0,0.0
Süvari,0.0,1.0,0.0
Tiesenhausen,0.0,1.0,0.0
Kurvitsa,0.0,2.0,0.0
Toimi,0.0,2.0,0.0
Kullamäele,0.0,1.0,0.0
Kurvits,0.0,3.0,0.0
Horni,0.0,2.0,0.0
Kärmas,0.0,1.0,0.0
Danilewski,0.0,4.0,0.0
Danilevski,0.0,1.0,0.0
Mätase,0.0,1.0,0.0
Pajul,0.0,1.0,0.0
Grigorjevile,0.0,1.0,0.0
Maasikamäe,0.0,1.0,0.0
Velthut-Sokka,0.0,1.0,0.0
Meema,0.0,8.0,0.0
Kikasele,0.0,1.0,0.0
Toomi,0.0,1.0,0.0
Toom,0.0,2.0,0.0
Raidal,0.0,1.0,0.0
Rull,0.0,1.0,0.0
Tehvandilt,0.0,1.0,0.0
Arukuuse,0.0,1.0,0.0
Otsalti,0.0,1.0,0.0
Vasar,0.0,1.0,0.0
Trummal,0.0,1.0,0.0
Valgepea,0.0,1.0,0.0
Esko,0.0,1.0,0.0
O,0.0,1.0,0.0
Viru,0.0,3.0,0.0
Virule,0.0,1.0,0.0
Kullami,0.0,1.0,0.0
Ehaveeru,0.0,1.0,0.0
Loko,0.0,1.0,0.0
Kudul,0.0,1.0,0.0
Paali,0.0,1.0,0.0
Savi,0.0,3.0,0.0
Ilvese,0.0,3.0,0.0
Provalovi,0.0,1.0,0.0
Provalov,0.0,5.0,0.0
Ranne,0.0,2.0,0.0
Liivakant,0.0,2.0,0.0
siga,0.0,1.0,0.0
Haljak,0.0,3.0,0.0
sit,0.0,1.0,0.0
Partner,0.0,1.0,0.0
Liidja,0.0,3.0,0.0
Sellsiga,0.0,2.0,0.0
SHalov,0.0,1.0,0.0
Lossmanni,0.0,1.0,0.0
Mälberg,0.0,1.0,0.0
Sellsil,0.0,1.0,0.0
Vets,0.0,1.0,0.0
Kranichi,0.0,1.0,0.0
Romanova,0.0,1.0,0.0
Randla,0.0,1.0,0.0
Metsamaa,0.0,3.0,0.0
Jundase,0.0,2.0,0.0
Jundas,0.0,1.0,0.0
Kuznetsov,0.0,1.0,0.0
Polištšuk,0.0,1.0,0.0
Taim,0.0,1.0,0.0
Viivik,0.0,1.0,0.0
Kuusik,0.0,2.0,0.0
Luige,0.0,1.0,0.0
Ammas,0.0,1.0,0.0
Jakobson,0.0,3.0,0.0
Tarkovski,0.0,6.0,0.0
Mardna,0.0,2.0,0.0
Raie,0.0,5.0,0.0
Kullamaa,0.0,2.0,0.0
Pree,0.0,6.0,0.0
Kalikova,0.0,2.0,0.0
Lindmäe,0.0,2.0,0.0
Tappo,0.0,2.0,0.0
Pesetskaja,0.0,2.0,0.0
Tarkovskaja,0.0,2.0,0.0
Clinica,0.0,1.0,0.0
Sinaps,0.0,1.0,0.0
Rachel,0.0,1.0,0.0
Renessanss,0.0,1.0,0.0
Uit,0.0,2.0,0.0
Rätsepa,0.0,1.0,0.0
Kupiainen,0.0,1.0,0.0
Väljaots,0.0,1.0,0.0
Hütt,0.0,1.0,0.0
meele-,0.0,1.0,0.0
Bug,0.0,1.0,0.0
Raamets,0.0,1.0,0.0
Kaju,0.0,1.0,0.0
Loog,0.0,1.0,0.0
Sipelgas,0.0,1.0,0.0
Kalvik,0.0,1.0,0.0
Kalamees,0.0,2.0,0.0
Lein,0.0,1.0,0.0
Laar,0.0,5.0,0.0
Luman,0.0,1.0,0.0
Koidu,0.0,2.0,0.0
Niiluse,0.0,1.0,0.0
Oti,0.0,3.0,0.0
Pilve,0.0,1.0,0.0
Ots,0.0,1.0,0.0
Kullam,0.0,1.0,0.0
Relve,0.0,2.0,0.0
Lumani,0.0,1.0,0.0
Rose,0.0,1.0,0.0
Saul,0.0,1.0,0.0
Ivanovilt,0.0,1.0,0.0
Nupponen,0.0,1.0,0.0
Lindet,0.0,1.0,0.0
Laansoo,0.0,2.0,0.0
Koch,0.0,1.0,0.0
Shanini,0.0,1.0,0.0
Arukaevu,0.0,1.0,0.0
Lõhmuse,0.0,1.0,0.0
OLULINE,0.0,1.0,0.0
Oja,0.0,1.0,0.0
Raid,0.0,1.0,0.0
Murumaa,0.0,1.0,0.0
Takise,0.0,1.0,0.0
Vanhaneni,0.0,1.0,0.0
Adlase,0.0,1.0,0.0
Rand,0.0,1.0,0.0
Siitam,0.0,1.0,0.0
Karu,0.0,1.0,0.0
Suurkask,0.0,2.0,0.0
Bemisega,0.0,1.0,0.0
Rabe,0.0,1.0,0.0
Wittelt,0.0,1.0,0.0
F. Kennedy,0.0,1.0,0.0
Soone,0.0,2.0,0.0
Karpa,0.0,1.0,0.0
Ilvesel,0.0,1.0,0.0
Lepik,0.0,1.0,0.0
Tavast,0.0,2.0,0.0
Hriplivajo,0.0,1.0,0.0
Salum,0.0,1.0,0.0
Lobanova,0.0,1.0,0.0
Sinijärv,0.0,1.0,0.0
Beeksma,0.0,1.0,0.0
Kornukov,0.0,1.0,0.0
Soglajevi,0.0,1.0,0.0
Pulka,0.0,1.0,0.0
Adamkus,0.0,1.0,0.0
Perssoniga,0.0,1.0,0.0
Palmstierni,0.0,1.0,0.0
Zeid,0.0,1.0,0.0
Bromberg,0.0,1.0,0.0
Andriukatis,0.0,1.0,0.0
al-Majayidah'i,0.0,1.0,0.0
Vike-Freiberga,0.0,1.0,0.0
Buzujevi,0.0,1.0,0.0
Kostunica,0.0,1.0,0.0
Ladeni,0.0,3.0,0.0
Laden,0.0,5.0,0.0
Cole'i,0.0,1.0,0.0
W. Bush,0.0,2.0,0.0
Rossi,0.0,1.0,0.0
Berezovski,0.0,1.0,0.0
Abramovitšile,0.0,1.0,0.0
Abramovitš,0.0,1.0,0.0
Putinile,0.0,1.0,0.0
Harbor'i,0.0,1.0,0.0
DU-riski,0.0,1.0,0.0
Duran,0.0,1.0,0.0
Velez,0.0,1.0,0.0
Pastrana,0.0,1.0,0.0
Turbay,0.0,1.0,0.0
Plavsic,0.0,2.0,0.0
Karazici,0.0,1.0,0.0
Krajisnikuga,0.0,1.0,0.0
Gorbatšov,0.0,2.0,0.0
Schröder,0.0,2.0,0.0
Kuenast,0.0,1.0,0.0
Funke,0.0,1.0,0.0
Xiang,0.0,3.0,0.0
Tian,0.0,3.0,0.0
Spelman,0.0,1.0,0.0
Xiaoming,0.0,1.0,0.0
Sharon,0.0,2.0,0.0
Barakki,0.0,1.0,0.0
Olmert,0.0,1.0,0.0
Shalom,0.0,1.0,0.0
Netanyahu,0.0,1.0,0.0
Sharoni,0.0,1.0,0.0
Shas,0.0,1.0,0.0
Lipkin-Shahak,0.0,1.0,0.0
Nazdratenko,0.0,1.0,0.0
Clubina,0.0,1.0,0.0
Clubiga,0.0,1.0,0.0
Paakkanen,0.0,1.0,0.0
Areenal,0.0,1.0,0.0
Paakkaneni,0.0,1.0,0.0
Minhi,0.0,7.0,0.0
Minhis,0.0,2.0,0.0
Minh,0.0,2.0,0.0
McNamara,0.0,1.0,0.0
Diem,0.0,1.0,0.0
Thorpe,0.0,1.0,0.0
Robertson,0.0,2.0,0.0
Robertsonile,0.0,1.0,0.0
Haavistot,0.0,1.0,0.0
Robertsoni,0.0,2.0,0.0
Lobjakas,0.0,1.0,0.0
Turneriga,0.0,1.0,0.0
Warner,0.0,2.0,0.0
Putin,0.0,3.0,0.0
Turneri,0.0,1.0,0.0
Raidma,0.0,1.0,0.0
Barakil,0.0,1.0,0.0
al-Jazeera,0.0,1.0,0.0
el-Zawahiri,0.0,1.0,0.0
Sadatile,0.0,1.0,0.0
Ladenit,0.0,1.0,0.0
W. Bushi,0.0,2.0,0.0
Chavez,0.0,3.0,0.0
Mercado,0.0,2.0,0.0
Chavezist,0.0,1.0,0.0
Clintoni,0.0,2.0,0.0
Chavezi,0.0,1.0,0.0
Bairdi,0.0,1.0,0.0
Florida,0.0,2.0,0.0
Sun-Sentinel,0.0,1.0,0.0
Carroll,0.0,2.0,0.0
Gecase,0.0,1.0,0.0
Valentukevicius,0.0,1.0,0.0
Milligan,0.0,1.0,0.0
Cohen,0.0,1.0,0.0
Rumsfeldil,0.0,1.0,0.0
Annan,0.0,1.0,0.0
Eckhard,0.0,1.0,0.0
Pinochet,0.0,1.0,0.0
Guzman,0.0,1.0,0.0
Izurieta,0.0,1.0,0.0
Helme,0.0,1.0,0.0
Künasti,0.0,1.0,0.0
Schmidti,0.0,1.0,0.0
Gore'i,0.0,1.0,0.0
McManus,0.0,1.0,0.0
Hint,0.0,1.0,0.0
Alijevi,0.0,1.0,0.0
Jõesaar,0.0,1.0,0.0
Listra,0.0,1.0,0.0
Nestor,0.0,1.0,0.0
Laius,0.0,1.0,0.0
Putini,0.0,1.0,0.0
Raun,0.0,1.0,0.0
Barkalaja,0.0,1.0,0.0
Liimal,0.0,1.0,0.0
Laasik,0.0,1.0,0.0
Saar,0.0,1.0,0.0
Kirikali,0.0,1.0,0.0
Uder,0.0,1.0,0.0
Ratas,0.0,1.0,0.0
Leiva,0.0,1.0,0.0
Kondi,0.0,1.0,0.0
Naulainen,0.0,1.0,0.0
Eero,0.0,1.0,0.0
Remmelg,0.0,1.0,0.0
Põldsamm,0.0,1.0,0.0
Leppik,0.0,1.0,0.0
Roonemaa,0.0,2.0,0.0
Playstation,0.0,1.0,0.0
Blackley,0.0,1.0,0.0
Story,0.0,1.0,0.0
Arts,0.0,1.0,0.0
Studios,0.0,1.0,0.0
IV,0.0,1.0,0.0
Register,0.0,2.0,0.0
College'i,0.0,1.0,0.0
Eelrand,0.0,1.0,0.0
Kasemets,0.0,1.0,0.0
Kirt,0.0,1.0,0.0
Oolo,0.0,1.0,0.0
Vihtre,0.0,1.0,0.0
Tänava,0.0,1.0,0.0
Põiklik,0.0,2.0,0.0
Väät,0.0,1.0,0.0
Laving,0.0,1.0,0.0
Walkinshaw,0.0,1.0,0.0
Räikkönen,0.0,2.0,0.0
Pizzonial,0.0,1.0,0.0
Pizzonia,0.0,1.0,0.0
Junqueira,0.0,1.0,0.0
Gerrish,0.0,1.0,0.0
Prosti,0.0,1.0,0.0
Minardi,0.0,1.0,0.0
Mazzacanet,0.0,1.0,0.0
Alesilt,0.0,1.0,0.0
Coursis,0.0,1.0,0.0
Schumacher,0.0,2.0,0.0
Fisichella,0.0,2.0,0.0
Button,0.0,1.0,0.0
Verstappenit,0.0,1.0,0.0
Heidfeld,0.0,1.0,0.0
Williams,0.0,2.0,0.0
Panis,0.0,1.0,0.0
Arrows,0.0,1.0,0.0
Avenue,0.0,1.0,0.0
Vipereid,0.0,1.0,0.0
Frontier,0.0,1.0,0.0
Tacoma,0.0,1.0,0.0
Saarelaid,0.0,2.0,0.0
Imprezat,0.0,1.0,0.0
Outbacki,0.0,1.0,0.0
Car,0.0,2.0,0.0
Guide'i,0.0,2.0,0.0
Sentra,0.0,1.0,0.0
Sebring,0.0,1.0,0.0
LeSabre,0.0,1.0,0.0
Cross-Country,0.0,1.0,0.0
Caravani,0.0,1.0,0.0
Xterra,0.0,1.0,0.0
Sickle'i,0.0,1.0,0.0
Neill,0.0,1.0,0.0
Barclay,0.0,1.0,0.0
Pyo,0.0,1.0,0.0
MILLAL,0.0,1.0,0.0
Cherokee,0.0,1.0,0.0
Roveri,0.0,1.0,0.0
Vabamäe,0.0,1.0,0.0
Püve,0.0,1.0,0.0
Koorberg,0.0,1.0,0.0
Ojakäär,0.0,2.0,0.0
Vainküla,0.0,2.0,0.0
Berends,0.0,2.0,0.0
Kaalepiga,0.0,1.0,0.0
Pino,0.0,1.0,0.0
Bukowski,0.0,1.0,0.0
Nõgene,0.0,1.0,0.0
Pinole,0.0,1.0,0.0
Rossija-Regionõ,0.0,1.0,0.0
Romantšuk,0.0,1.0,0.0
Spiridonovilt,0.0,1.0,0.0
Rossija-Reginõ,0.0,1.0,0.0
Spears,0.0,1.0,0.0
Harrise,0.0,1.0,0.0
Blackwell,0.0,1.0,0.0
Aguilera,0.0,1.0,0.0
Äpardustemaal,0.0,1.0,0.0
Girl,0.0,1.0,0.0
Hurley,0.0,1.0,0.0
Jolie,0.0,1.0,0.0
Love,0.0,1.0,0.0
Carey,0.0,1.0,0.0
Lopez,0.0,1.0,0.0
Hamidil,0.0,1.0,0.0
Muin,0.0,3.0,0.0
Romliga,0.0,1.0,0.0
Jackson,0.0,2.0,0.0
Fein,0.0,1.0,0.0
Boteach,0.0,1.0,0.0
Siewert,0.0,1.0,0.0
Michigani,0.0,1.0,0.0
Currie'le,0.0,1.0,0.0
Clintonite,0.0,1.0,0.0
Silvet,0.0,1.0,0.0
Kordejeviga,0.0,1.0,0.0
Vare,0.0,1.0,0.0
Mäggi,0.0,3.0,0.0
Liiberi,0.0,1.0,0.0
Ojassalu,0.0,1.0,0.0
Berni,0.0,1.0,0.0
Päll,0.0,1.0,0.0
Milter,0.0,2.0,0.0
Kirss,0.0,3.0,0.0
Minev,0.0,2.0,0.0
Pillena,0.0,1.0,0.0
Mänd,0.0,1.0,0.0
Saluri,0.0,1.0,0.0
Abel,0.0,8.0,0.0
Krumm,0.0,1.0,0.0
Nõmmik,0.0,4.0,0.0
Nõmmikule,0.0,1.0,0.0
Abelile,0.0,1.0,0.0
Lutsu,0.0,2.0,0.0
Abeli,0.0,2.0,0.0
Loti,0.0,1.0,0.0
Abeliga,0.0,1.0,0.0
Rummoks,0.0,1.0,0.0
Everiks,0.0,1.0,0.0
Eskola,0.0,1.0,0.0
Talvi,0.0,1.0,0.0
Nõmmikul,0.0,1.0,0.0
Chong,0.0,3.0,0.0
Jeremy,0.0,1.0,0.0
Quek,0.0,1.0,0.0
Claire'lt,0.0,1.0,0.0
Dough,0.0,1.0,0.0
Holmes,0.0,1.0,0.0
Kane,0.0,1.0,0.0
Flint,0.0,1.0,0.0
Petermani,0.0,1.0,0.0
Rommey,0.0,1.0,0.0
Murdoch,0.0,1.0,0.0
Jonesi,0.0,3.0,0.0
Chase,0.0,1.0,0.0
Lynch,0.0,1.0,0.0
Softwarele,0.0,1.0,0.0
Group,0.0,1.0,0.0
Balzams,0.0,1.0,0.0
Gaze,0.0,1.0,0.0
Kac,0.0,2.0,0.0
Kaci,0.0,1.0,0.0
Frisch,0.0,1.0,0.0
Camus,0.0,1.0,0.0
Chongil,0.0,1.0,0.0
Rammul,0.0,1.0,0.0
Annabelile,0.0,1.0,0.0
Olbri,0.0,1.0,0.0
Liiv,0.0,1.0,0.0
Jumal,0.0,1.0,0.0
Eier,0.0,2.0,0.0
Cho,0.0,1.0,0.0
Türnpu,0.0,1.0,0.0
Lauristin,0.0,1.0,0.0
Endre,0.0,1.0,0.0
Krishna,0.0,1.0,0.0
Lauri,0.0,1.0,0.0
Suvi,0.0,1.0,0.0
Laan,0.0,3.0,0.0
Hanschmidt,0.0,1.0,0.0
Preatoni,0.0,1.0,0.0
Rätsep,0.0,2.0,0.0
Kraft,0.0,2.0,0.0
Värk,0.0,1.0,0.0
Riisalu,0.0,1.0,0.0
H. Luik,0.0,1.0,0.0
Pärn,0.0,1.0,0.0
Aigro,0.0,1.0,0.0
Meerits,0.0,1.0,0.0
Laubre,0.0,1.0,0.0
Tenno,0.0,1.0,0.0
Veskimägi,0.0,1.0,0.0
Rassmann,0.0,1.0,0.0
Ljadov,0.0,1.0,0.0
Makarov,0.0,1.0,0.0
Taska,0.0,2.0,0.0
Rõõmus,0.0,1.0,0.0
Killandi,0.0,1.0,0.0
Past,0.0,1.0,0.0
Männik,0.0,1.0,0.0
Savisaar,0.0,1.0,0.0
Kelam,0.0,1.0,0.0
Tudeberg,0.0,1.0,0.0
Kaasik,0.0,1.0,0.0
Apananski,0.0,1.0,0.0
Toots,0.0,1.0,0.0
Lepikson,0.0,1.0,0.0
Luukas,0.0,1.0,0.0
Milder,0.0,1.0,0.0
Bergmann,0.0,1.0,0.0
Siilats,0.0,1.0,0.0
Sõmera,0.0,1.0,0.0
Tõeleid,0.0,1.0,0.0
Opmann,0.0,1.0,0.0
Siff,0.0,1.0,0.0
Olmann-Mõisale,0.0,1.0,0.0
Timmerile,0.0,1.0,0.0
Veski,0.0,1.0,0.0
Länik,0.0,1.0,0.0
Aarma,0.0,1.0,0.0
Laasmäe,0.0,2.0,0.0
Kaldmäe,0.0,1.0,0.0
Avdjushkole,0.0,1.0,0.0
Pulver,0.0,1.0,0.0
Potteri,0.0,2.0,0.0
Potter,0.0,1.0,0.0
Soplepmann,0.0,1.0,0.0
Lepp,0.0,2.0,0.0
Trink,0.0,1.0,0.0
Kallikorm,0.0,1.0,0.0
Ülle,0.0,1.0,0.0
Randvee,0.0,1.0,0.0
Vooglaid,0.0,3.0,0.0
Murutar,0.0,1.0,0.0
Grepp,0.0,1.0,0.0
Saluveer,0.0,1.0,0.0
Teder,0.0,1.0,0.0
Ploom,0.0,1.0,0.0
Saalomon,0.0,1.0,0.0
Neruda,0.0,1.0,0.0
Härm,0.0,1.0,0.0
Hiis,0.0,1.0,0.0
Bach,0.0,1.0,0.0
Tross,0.0,2.0,0.0
Männamäe,0.0,2.0,0.0
Bachi,0.0,1.0,0.0
Laasmäed,0.0,1.0,0.0
Kõrtsini,0.0,1.0,0.0
Kruus,0.0,5.0,0.0
Klas,0.0,1.0,0.0
Kalamaja,0.0,1.0,0.0
Odessast,0.0,1.0,0.0
Värniku,0.0,1.0,0.0
Callase,0.0,1.0,0.0
Korjuse,0.0,1.0,0.0
Aav-Loo,0.0,1.0,0.0
Lauteri,0.0,1.0,0.0
Minsu,0.0,2.0,0.0
Vool,0.0,1.0,0.0
Dungay,0.0,2.0,0.0
Heitur,0.0,1.0,0.0
Boda,0.0,1.0,0.0
Creuset,0.0,1.0,0.0
Heituril,0.0,1.0,0.0
Kaasiku,0.0,1.0,0.0
Peil,0.0,1.0,0.0
Kasemägi,0.0,1.0,0.0
Sebra,0.0,1.0,0.0
Kivisalu,0.0,1.0,0.0
Araabia,0.0,0.0,3.0
Ühendriikidesse,0.0,0.0,1.0
riikides,0.0,0.0,4.0
Leedu,0.0,0.0,2.0
jm.,0.0,0.0,1.0
linna,0.0,0.0,7.0
saari,0.0,0.0,1.0
Ühendriikides,0.0,0.0,1.0
Mare,0.0,0.0,1.0
UK,0.0,0.0,1.0
lahe,0.0,0.0,3.0
Kesklinna,0.0,0.0,3.0
linn,0.0,0.0,3.0
Ühendriikidest,0.0,0.0,1.0
mnt,0.0,0.0,1.0
riik,0.0,0.0,6.0
Vaidani,0.0,0.0,1.0
Randvere,0.0,0.0,1.0
valda,0.0,0.0,1.0
Ühendriikide,0.0,0.0,3.0
Louisiana,0.0,0.0,1.0
Bitola,0.0,0.0,1.0
Jersey,0.0,0.0,2.0
City'st,0.0,0.0,1.0
Tabasalu,0.0,0.0,1.0
City's,0.0,0.0,1.0
külla,0.0,0.0,2.0
16 0 16,0.0,0.0,1.0
Citys,0.0,0.0,2.0
Lissaboni,0.0,0.0,1.0
maakonnas,0.0,0.0,2.0
riigis,0.0,0.0,1.0
Kaunase,0.0,0.0,1.0
külas,0.0,0.0,2.0
NSVs,0.0,0.0,1.0
küla,0.0,0.0,1.0
Lelle-Viljandi,0.0,0.0,1.0
riigi,0.0,0.0,3.0
vallas,0.0,0.0,2.0
jõe,0.0,0.0,3.0
Föderatsiooni,0.0,0.0,1.0
linnaga,0.0,0.0,1.0
Asula,0.0,0.0,1.0
Liiduga,0.0,0.0,2.0
poolsaare,0.0,0.0,1.0
ookeani,0.0,0.0,1.0
mere,0.0,0.0,4.0
merel,0.0,0.0,1.0
Vabariigis,0.0,0.0,1.0
Aafrika,0.0,0.0,1.0
linnas,0.0,0.0,1.0
riikide,0.0,0.0,1.0
Diego,0.0,0.0,1.0
Kenya,0.0,0.0,1.0
Bethesdas,0.0,0.0,1.0
Beltsville'is,0.0,0.0,1.0
osariigi,0.0,0.0,1.0
riigile,0.0,0.0,1.0
Tõnismäel,0.0,0.0,1.0
Eidos,0.0,0.0,1.0
Paulo,0.0,0.0,1.0
Petropavlovsk-Kamtšatskis,0.0,0.0,1.0
osariigis,0.0,0.0,4.0
jõgi,0.0,0.0,3.0
meri,0.0,0.0,4.0
vabariigi,0.0,0.0,1.0
Tammsaare,0.0,0.0,1.0
Liberty,0.0,0.0,1.0
põhja-osas,0.0,0.0,1.0
