,LOC,ORG,PER
Ühendriigid,1.0,0.0,0.0
Leedusse,1.0,0.0,0.0
Leedu,49.0,0.0,0.0
Leedus,19.0,0.0,0.0
USA,53.0,0.0,0.0
Lääne-Euroopa,1.0,0.0,0.0
Jaapanil,1.0,0.0,0.0
Kanadal,1.0,0.0,0.0
Austraalial,1.0,0.0,0.0
Uus-Meremaal,1.0,0.0,0.0
Ungaril,1.0,0.0,0.0
Poolal,1.0,0.0,0.0
Tšehhil,1.0,0.0,0.0
Londonis,4.0,0.0,0.0
Viinis,1.0,0.0,0.0
Tallinna,67.0,0.0,0.0
Eesti,189.0,0.0,0.0
Soome,38.0,0.0,0.0
Soomet,2.0,0.0,0.0
Venemaa,42.0,0.0,0.0
Electrolux,1.0,0.0,0.0
Peterburgi,1.0,0.0,0.0
Moskvasse,4.0,0.0,0.0
Vene,39.0,0.0,0.0
Soomes,14.0,0.0,0.0
Euroopa,30.0,0.0,0.0
Venemaale,4.0,0.0,0.0
Siberi,1.0,0.0,0.0
Kaug-Idast,1.0,0.0,0.0
Lätis,17.0,0.0,0.0
Lätti,2.0,0.0,0.0
Leetu,2.0,0.0,0.0
Radiolinja,1.0,6.0,0.0
Eestis,98.0,0.0,0.0
Baltimaades,1.0,0.0,0.0
Euroopas,17.0,0.0,0.0
Austria,5.0,0.0,0.0
Skandinaavia,5.0,0.0,0.0
Balti,7.0,0.0,0.0
Skandinaaviaga,1.0,0.0,0.0
Rootis,1.0,0.0,0.0
Lõuna-Eesti,2.0,0.0,0.0
Jõgevamaal,1.0,0.0,0.0
Läti,22.0,0.0,0.0
LASCO,1.0,2.0,1.0
Hiina,7.0,0.0,0.0
Egiptuse,6.0,0.0,0.0
Mehhiko,3.0,0.0,0.0
Kürpose,1.0,0.0,0.0
Kreeka,1.0,0.0,0.0
Tai,2.0,0.0,0.0
SKPs,1.0,0.0,0.0
Ida-Euroopa,2.0,0.0,0.0
Saksamaa,12.0,0.0,0.0
LISCO,1.0,1.0,1.0
Taani,6.0,0.0,0.0
Tallinn-Tartu,4.0,0.0,0.0
Tallinnast,9.0,0.0,0.0
Tartu,31.0,0.0,0.0
Pärnu,20.0,0.0,0.0
Kuressaarde,1.0,0.0,0.0
Eestisse,27.0,0.0,0.0
Valgevene,7.0,0.0,0.0
Kristopaitis,1.0,0.0,0.0
Belgia,3.0,0.0,0.0
Belgias,1.0,0.0,0.0
Prantsusmaa,7.0,0.0,0.0
Põhja-Taanis,1.0,0.0,0.0
Jüütimaal,1.0,0.0,0.0
Hollandis,7.0,0.0,0.0
Tallinna-Helsingi,2.0,1.0,0.0
Tallinn-Helsingi,1.0,0.0,0.0
Ahvenamaal,1.0,0.0,0.0
Sampo,2.0,0.0,1.0
Põhjala,3.0,0.0,0.0
Rootsist,2.0,0.0,0.0
Rootsi,48.0,0.0,0.0
Stockholmi,3.0,0.0,0.0
Põhjamaade,2.0,0.0,0.0
Põhjamaades,2.0,0.0,0.0
Norra,9.0,0.0,0.0
Rootsis,9.0,0.0,0.0
Norras,4.0,0.0,0.0
Rootsit,1.0,0.0,0.0
Taanis,1.0,0.0,0.0
Taanit,1.0,0.0,0.0
Põhjamaad,1.0,0.0,0.0
Helsingi,12.0,0.0,0.0
Adidase,1.0,1.0,0.0
Eestist,7.0,0.0,0.0
Euroopast,1.0,0.0,0.0
Pärnus,3.0,0.0,0.0
Hollandisse,1.0,0.0,0.0
Saksamaal,10.0,0.0,0.0
Haapsalu,2.0,0.0,0.0
Kuressaare,2.0,0.0,0.0
Tallinn,15.0,0.0,0.0
Tartust,2.0,0.0,0.0
Haapsallu,1.0,0.0,0.0
Haapsalus,2.0,0.0,0.0
Läänemaal,3.0,0.0,0.0
Läänemaa,2.0,0.0,0.0
Prantsuse,4.0,0.0,0.0
Dalkia,1.0,0.0,0.0
Valga,1.0,0.0,1.0
JAAPAN,1.0,0.0,0.0
Jaapani,11.0,0.0,0.0
Tokios,1.0,0.0,0.0
Jaapan,5.0,0.0,0.0
Honshu,1.0,0.0,0.0
Riiga,4.0,0.0,0.0
Riias,4.0,0.0,0.0
Vilniusesse,1.0,0.0,0.0
Eestit,5.0,0.0,0.0
Tallinnas,33.0,0.0,0.0
Baltikumi,2.0,0.0,0.0
Helsingis,5.0,0.0,0.0
Stockholmis,1.0,0.0,0.0
Kopenhaagenis,1.0,0.0,0.0
Merita,1.0,0.0,1.0
Vilniusest,1.0,0.0,0.0
Järvani,1.0,0.0,0.0
Kukk,1.0,0.0,1.0
Togliattis,1.0,0.0,0.0
Türi,4.0,0.0,0.0
Suurbritannias,7.0,0.0,0.0
Moskvas,9.0,0.0,0.0
Media-Mosti,2.0,0.0,0.0
Gazprom-Media,2.0,0.0,0.0
Gazpromilt,1.0,0.0,0.0
Hispaanias,2.0,0.0,0.0
Hispaania,5.0,0.0,0.0
Iisraeli,18.0,0.0,0.0
Media,2.0,0.0,0.0
Venemaalt,8.0,0.0,0.0
Venta,4.0,0.0,0.0
Viljandimaalt,1.0,0.0,0.0
Toome,1.0,0.0,0.0
Viljandis,3.0,0.0,0.0
Suurbritannia,4.0,0.0,0.0
Itaalia,14.0,0.0,0.0
Briti,9.0,0.0,0.0
Võru-,1.0,0.0,0.0
Põlvamaa,1.0,0.0,0.0
Kiiu,1.0,0.0,0.0
USA-st,2.0,0.0,0.0
Kanadast,3.0,0.0,0.0
Uus-Meremaalt,1.0,0.0,0.0
Riia,6.0,0.0,0.0
Tartus,9.0,0.0,0.0
Selveri,1.0,0.0,0.0
Tallinna-Tartu-Luhamaa,2.0,0.0,0.0
Kose,2.0,0.0,0.0
Vaida,1.0,0.0,0.0
Aruvalla,2.0,0.0,0.0
Vaida-Aruvalla,2.0,0.0,0.0
Mäoni,2.0,0.0,0.0
Koselt,2.0,0.0,0.0
Mäo,1.0,0.0,0.0
Eestil,7.0,0.0,0.0
Tallinna-Tartu,3.0,0.0,0.0
Tallinna-Narva,2.0,0.0,0.0
Tallinna-Narva-Jõesuu,1.0,0.0,0.0
Väike-Õismäe,1.0,0.0,1.0
Vivendi,1.0,0.0,0.0
Harjumaal,3.0,0.0,0.0
Saku,1.0,0.0,0.0
Ameerika,14.0,0.0,0.0
Honda,1.0,0.0,1.0
Frankfurti,1.0,0.0,0.0
Hamburgi,2.0,0.0,0.0
Kiievisse,1.0,0.0,0.0
Kopenhaagenisse,1.0,0.0,0.0
Londonisse,1.0,0.0,0.0
Vilniusse,1.0,0.0,0.0
Naviplastil,1.0,0.0,0.0
Muuga,1.0,2.0,0.0
Ruma,1.0,0.0,1.0
Vaivaras,1.0,0.0,0.0
Ameerikas,4.0,0.0,0.0
Kanadas,3.0,0.0,0.0
Rakvere,20.0,1.0,0.0
Lääne-Viru,1.0,0.0,0.0
Palmse,11.0,0.0,0.0
Palmsest,2.0,0.0,0.0
Palmsesse,1.0,0.0,0.0
Palmses,1.0,0.0,0.0
Valgre,1.0,0.0,0.0
Roxette'i,1.0,0.0,1.0
INGLISE,1.0,0.0,0.0
Ühendriikides,2.0,0.0,0.0
Ühendriikide,1.0,0.0,0.0
Tshehhoslovakkiast,1.0,0.0,0.0
Pittsburghis,2.0,0.0,0.0
USAs,11.0,0.0,0.0
Firenzest,1.0,0.0,0.0
Rooma,2.0,0.0,0.0
Põhhjas,1.0,0.0,1.0
Eestimaa,3.0,0.0,0.0
Baltoscandal,1.0,0.0,1.0
Leedust,3.0,0.0,0.0
Lätist,2.0,0.0,0.0
Poolast,1.0,0.0,0.0
Saksamaalt,3.0,0.0,0.0
Ungarist,1.0,0.0,0.0
Austriast,1.0,0.0,0.0
Bitolasse,1.0,0.0,0.0
Bitola,1.0,0.0,0.0
Hollandi,7.0,1.0,0.0
Kuuba,1.0,0.0,0.0
Havannas,1.0,0.0,0.0
Bristolis,1.0,0.0,0.0
Inglismaa,5.0,0.0,0.0
Soosalu,1.0,0.0,0.0
Viljandi,5.0,0.0,0.0
Dublinis,1.0,0.0,0.0
Saksa,11.0,0.0,0.0
Reichskunst'is,1.0,0.0,0.0
Baltimaade,3.0,0.0,0.0
Prokofjevi,1.0,0.0,0.0
Müncheni,1.0,0.0,0.0
Colorado,5.0,0.0,2.0
Starsil,1.0,0.0,0.0
Washingtonile,1.0,0.0,0.0
Minnesota,2.0,0.0,0.0
Montrealis,1.0,0.0,0.0
Canadiensi,1.0,0.0,0.0
Montreal,1.0,0.0,0.0
Toronto,2.0,0.0,0.0
Boston,3.0,0.0,0.0
Edmonton,1.0,0.0,0.0
Salo,1.0,0.0,0.0
ANAHEIM,1.0,0.0,0.0
Anaheim,1.0,0.0,0.0
Tshetsheenia,3.0,0.0,0.0
Dagestani,2.0,0.0,0.0
Tohvri,1.0,0.0,0.0
Dagestanis,1.0,0.0,0.0
Põhja-Osseetiast,1.0,0.0,0.0
Inglismaal,6.0,0.0,0.0
Mehhikoga,1.0,0.0,0.0
Hollandiga,1.0,0.0,0.0
Iirimaa,2.0,0.0,0.0
Itaaliaga,1.0,0.0,0.0
Kreekaga,1.0,0.0,0.0
Saksamaaga,1.0,0.0,0.0
Miami,1.0,0.0,0.0
Clevelandi,1.0,0.0,0.0
Davis,1.0,0.0,0.0
Ellis,1.0,0.0,0.0
Finley,1.0,0.0,0.0
Soomest,3.0,0.0,0.0
Märjamaa,1.0,0.0,0.0
Lasnamäe,1.0,0.0,0.0
Ruhpoldingis,1.0,0.0,0.0
Tšehhi,2.0,0.0,0.0
Tšehhimaa,1.0,0.0,0.0
Horvaatia,2.0,0.0,0.0
Hispaaniat,1.0,0.0,0.0
Slovakkia,2.0,0.0,0.0
Šveits,3.0,0.0,0.0
Halensi,2.0,0.0,0.0
Berliinis,4.0,0.0,0.0
Nokia,5.0,0.0,0.0
Anži,1.0,0.0,0.0
Mahhatškalasse,1.0,0.0,0.0
Mahhatškala,1.0,0.0,0.0
Napoli,1.0,0.0,1.0
Dundee,1.0,0.0,0.0
Šotimaa,1.0,0.0,0.0
Dundees,1.0,0.0,0.0
Istanbuli,1.0,0.0,0.0
Kullamäe,3.0,0.0,1.0
Lemsalu,1.0,0.0,7.0
Lõuna-Norra,1.0,0.0,0.0
Stardil,1.0,0.0,0.0
Lemsalust,1.0,0.0,0.0
Kristiansandi,1.0,0.0,0.0
Lemsalul,1.0,0.0,0.0
Valgevenes,4.0,0.0,0.0
Salt,5.0,0.0,0.0
Citys,4.0,0.0,0.0
Skari,1.0,0.0,3.0
Tšehhitar,1.0,0.0,0.0
Ameerikasse,2.0,0.0,0.0
USAsse,3.0,0.0,0.0
Lake,2.0,0.0,0.0
Valeiko,1.0,0.0,5.0
Oostendesse,1.0,0.0,0.0
Tagamets,1.0,0.0,0.0
Kuusmaa,1.0,0.0,0.0
Kangur,1.0,0.0,0.0
Västeråsis,1.0,0.0,0.0
Ida-Virumaa,1.0,0.0,0.0
Sambiaga,1.0,0.0,0.0
Sloveenia,2.0,0.0,0.0
Istanbulis,1.0,0.0,0.0
Tšehhimaalt,1.0,0.0,0.0
Kanada,1.0,0.0,1.0
Tammerti,1.0,0.0,0.0
Lõuna-Aafrikast,1.0,0.0,0.0
Hispaaniasse,1.0,0.0,0.0
Kriiska,5.0,0.0,0.0
Viru,7.0,0.0,6.0
Jõgeva,3.0,0.0,0.0
Kilk,1.0,0.0,0.0
Pärnumaa,1.0,0.0,0.0
Toilasse,1.0,0.0,0.0
Nizzas,1.0,0.0,0.0
Nizza,3.0,0.0,0.0
Göteborgi,2.0,0.0,0.0
Lissabonis,1.0,0.0,0.0
Rootsil,1.0,0.0,0.0
Kesklinna,3.0,0.0,0.0
Põhja-Tallinna,3.0,0.0,0.0
Stroomi,1.0,0.0,0.0
Järvamaa,1.0,0.0,0.0
Muuseumis,1.0,0.0,0.0
Peterburi,2.0,0.0,0.0
Paidesse,2.0,0.0,0.0
Narvast,1.0,0.0,0.0
Paidet,1.0,0.0,0.0
Järvamaal,3.0,0.0,0.0
Paides,1.0,0.0,0.0
Hollywoodi,1.0,0.0,0.0
Keila,2.0,0.0,0.0
Vasalemma,1.0,0.0,0.0
Lähis-Ida,2.0,0.0,0.0
Põhja-Korea,1.0,0.0,0.0
Venemaaga,3.0,0.0,0.0
Prantsusmaalt,1.0,0.0,0.0
Belgiale,1.0,0.0,0.0
Tallinnalt,1.0,0.0,0.0
Paikusel,1.0,0.0,0.0
Creutzfeld-Jacobi,3.0,0.0,0.0
Tallinnale,2.0,0.0,0.0
Soomega,2.0,0.0,0.0
Ukrainast,1.0,0.0,0.0
Creutzfeldt-Jakobi,1.0,0.0,0.0
Lääne-Euroopat,1.0,0.0,0.0
Hispaaniast,1.0,0.0,0.0
Inglismaalt,1.0,0.0,0.0
Iirimaalt,1.0,0.0,0.0
Portugalist,1.0,0.0,0.0
Sveitsist,1.0,0.0,0.0
Hollandist,1.0,0.0,0.0
Belgiast,1.0,0.0,0.0
Taanist,3.0,0.0,0.0
U-Neti,1.0,0.0,0.0
Nõukogude,2.0,0.0,0.0
Nõmme,1.0,1.0,0.0
Liumägi,1.0,0.0,0.0
Põlva,1.0,0.0,0.0
Nõmmele,1.0,0.0,0.0
Lätil,2.0,0.0,0.0
Lääne-Virumaal,2.0,0.0,0.0
Tartumaal,1.0,0.0,0.0
Raigole,2.0,1.0,1.0
Puhtus,1.0,0.0,0.0
Tartusse,6.0,0.0,0.0
Eestiga,1.0,0.0,0.0
Baltimaa,1.0,0.0,0.0
Eestile,5.0,0.0,0.0
Leedut,2.0,0.0,0.0
Põhjamaaks,1.0,0.0,0.0
Ida-Euroopasse,1.0,0.0,0.0
Läänes,2.0,0.0,0.0
Vilnius,1.0,0.0,0.0
Euroopasse,1.0,0.0,0.0
Ida-Virumaalt,3.0,0.0,0.0
Bergerti,1.0,0.0,0.0
Annelinnas,1.0,0.0,0.0
Ukraina,1.0,0.0,0.0
Otepää,3.0,0.0,0.0
Maarjamõisa,1.0,0.0,0.0
Moskvast,2.0,0.0,0.0
Otepääst,1.0,0.0,0.0
Tehvandilt,1.0,0.0,0.0
Valgamaal,1.0,0.0,0.0
Viljandimaal,1.0,0.0,0.0
Sovetskoje,1.0,0.0,0.0
Bangladeshis,2.0,0.0,0.0
Myanmaris,3.0,0.0,0.0
Burgundia,2.0,0.0,0.0
Lääne-Euroopas,2.0,0.0,0.0
Harjumaa,1.0,0.0,0.0
McDonald's,1.0,1.0,1.0
Narva,9.0,0.0,0.0
Pärnusse,1.0,0.0,0.0
Viljandisse,1.0,0.0,0.0
Tallinna-Pärnu,1.0,0.0,0.0
Austrias,1.0,0.0,0.0
Tšehhis,1.0,0.0,0.0
Šveitsis,4.0,0.0,0.0
Moskva,7.0,0.0,0.0
Itaalias,5.0,0.0,0.0
Kullamaa,2.0,0.0,6.0
Utria,7.0,0.0,0.0
Narva-Jõesuus,1.0,0.0,0.0
Sakala,1.0,1.0,0.0
Harju,1.0,0.0,0.0
Lääne,2.0,0.0,0.0
Järva,1.0,0.0,0.0
Võrumaa,1.0,0.0,0.0
Jõhvi,1.0,0.0,0.0
Küpriani,1.0,2.0,0.0
Küprianil,1.0,0.0,0.0
Saksamaale,1.0,0.0,0.0
USAst,1.0,0.0,0.0
Pärnumaal,1.0,0.0,0.0
Sõrves,2.0,0.0,0.0
Keskmisest,1.0,0.0,0.0
Virtsus,1.0,0.0,0.0
Saaremaal,1.0,0.0,0.0
Emajõel,1.0,0.0,0.0
EList,1.0,1.0,0.0
Shveitsi,2.0,0.0,0.0
Venemaast,1.0,0.0,0.0
Vanalinna,1.0,0.0,0.0
Aafrikast,1.0,0.0,0.0
Ida-Virumaal,1.0,0.0,0.0
Illuka,2.0,0.0,0.0
Gambia,1.0,0.0,0.0
Somaaliast,1.0,0.0,0.0
Illukal,1.0,0.0,0.0
Chittagongis,1.0,0.0,0.0
Võrumaal,4.0,0.0,0.0
Järvseljal,2.0,0.0,0.0
Eestimaalt,1.0,0.0,0.0
Ahvenamaa,4.0,0.0,0.0
Helsingi-Stockholmi,1.0,0.0,0.0
Eesti-Vene,2.0,0.0,0.0
Connexi,1.0,0.0,0.0
Väike-Õismäel,1.0,0.0,0.0
Lõuna-Eestist,1.0,0.0,0.0
Soomel,1.0,0.0,0.0
Skandinaavias,1.0,0.0,0.0
Venemaal,4.0,0.0,0.0
Münsteris,1.0,0.0,0.0
EESTIS,1.0,0.0,0.0
ESS-i,1.0,1.0,0.0
Loksa,1.0,0.0,0.0
Maardu,1.0,0.0,0.0
Küprianis,1.0,0.0,0.0
Kaarli,2.0,0.0,0.0
Harjuoru,1.0,0.0,0.0
Ida-Berliini,1.0,0.0,0.0
Kohtla-Järve,1.0,0.0,0.0
Tallinast,1.0,0.0,0.0
Tallinnasse,3.0,0.0,0.0
Balkanil,2.0,0.0,0.0
Bosnias,3.0,0.0,0.0
Kosovos,4.0,0.0,0.0
Jugoslaavias,1.0,0.0,0.0
Kamtšatka,1.0,0.0,0.0
Läänemere,1.0,0.0,0.0
Brazzaville'i,1.0,0.0,0.0
Pointe-Noire'i,1.0,0.0,0.0
Pointe-Noire'ist,1.0,0.0,0.0
Kongo,1.0,0.0,0.0
Lätisse,3.0,0.0,0.0
Kiievist,1.0,0.0,0.0
Jordani,1.0,0.0,0.0
Gaza,6.0,0.0,0.0
Palestiina,9.0,0.0,0.0
Türgi,9.0,0.0,0.0
Armeeniaga,2.0,0.0,0.0
Türgit,1.0,0.0,0.0
Ankara,3.0,0.0,0.0
Jerevanil,1.0,0.0,0.0
Armeenia,5.0,0.0,0.0
Türgisse,1.0,0.0,0.0
Prantsusmaad,3.0,0.0,0.0
Aserbaidžaani,3.0,0.0,0.0
Iisrael,4.0,0.0,0.0
Erezi,2.0,0.0,0.0
Jugoslaavia,9.0,0.0,0.0
Montenegro,7.0,0.0,0.0
Jugoslaaviat,1.0,0.0,0.0
Serbia,4.0,0.0,0.0
Podgorica,2.0,0.0,0.0
Afganistanis,3.0,0.0,0.0
Jeemeni,1.0,0.0,0.0
Netzarimi,1.0,0.0,0.0
Lähis-Itta,1.0,0.0,0.0
Maryland'is,1.0,0.0,0.0
Tais,1.0,0.0,0.0
Laoses,1.0,0.0,0.0
Balkani,3.0,0.0,0.0
Colombia,2.0,0.0,0.0
Medellinis,1.0,0.0,0.0
Colombias,1.0,0.0,0.0
Šveitsi,2.0,0.0,0.0
Kuubas,1.0,0.0,0.0
Lõuna-Colombias,1.0,0.0,0.0
Bosnia,8.0,0.0,0.0
Saksamaade,1.0,0.0,0.0
Lätit,1.0,0.0,0.0
Saksas,1.0,0.0,0.0
Jeruusalemma,1.0,0.0,0.0
Likudi,2.0,0.0,0.0
Primorski,1.0,0.0,0.0
Primorjes,1.0,0.0,0.0
Primorje,1.0,0.0,0.0
Arkansas'd,1.0,0.0,0.0
Arkansas's,1.0,0.0,0.0
Chicagot,1.0,0.0,0.0
Doverit,1.0,0.0,0.0
Bostonit,1.0,0.0,0.0
Marimekko,3.0,2.0,8.0
Lääne-Soomes,1.0,0.0,0.0
Bangkokis,1.0,0.0,0.0
Saigoni,2.0,0.0,2.0
Bangkokki,1.0,0.0,0.0
Lõuna-Vietnami,1.0,0.0,0.0
Vietnami,11.0,0.0,0.0
Aasias,4.0,0.0,0.0
Coca-Cola,1.0,0.0,0.0
Vietnamis,3.0,0.0,0.0
Vietnam,2.0,0.0,0.0
Vietnamile,1.0,0.0,0.0
Vietnamist,1.0,0.0,0.0
Prantsuse-Vietnami,1.0,0.0,0.0
Indo-Hiina,1.0,0.0,0.0
Kosovo,1.0,0.0,0.0
Bosniaga,1.0,0.0,0.0
Kosovost,1.0,0.0,0.0
Bosniale,1.0,0.0,0.0
Bosniasse,1.0,0.0,0.0
Kosovosse,1.0,0.0,0.0
Peterburis,1.0,0.0,0.0
Kursk,1.0,0.0,0.0
Lõuna-Afganistanis,1.0,0.0,0.0
Kandaharis,1.0,0.0,0.0
Afganistani,1.0,0.0,0.0
Pakistanis,1.0,0.0,0.0
Jihad,1.0,0.0,0.0
Saudi-Araabia,1.0,0.0,0.0
Tansaania,1.0,0.0,0.0
Aafrikas,3.0,0.0,0.0
Guatemalast,1.0,0.0,0.0
Floridas,2.0,0.0,0.0
Suurbritannialt,1.0,0.0,0.0
Inglismaale,1.0,0.0,0.0
Gecas,1.0,0.0,4.0
Shotimaal,1.0,0.0,0.0
Edinburgh'is,1.0,0.0,0.0
Hiinat,1.0,0.0,0.0
Euroopaga,1.0,0.0,0.0
Iraagi,1.0,0.0,0.0
Kameruni,1.0,0.0,0.0
Yaoundesse,1.0,0.0,0.0
Prantsuse-Aafrika,1.0,0.0,0.0
Pekingis,1.0,0.0,0.0
Tokyos,1.0,0.0,0.0
Davosis,1.0,0.0,0.0
Stockholm,2.0,0.0,0.0
Tšiili,2.0,0.0,0.0
Santiago,1.0,0.0,0.0
Tšiilit,1.0,0.0,0.0
Egiptus,4.0,0.0,0.0
SÜÜRIA,1.0,0.0,0.0
Süüria,2.0,0.0,0.0
Golani,1.0,0.0,0.0
Iisraeliga,2.0,0.0,0.0
Jordaania,1.0,0.0,0.0
Iisraelile,1.0,0.0,0.0
Floridasse,1.0,0.0,0.0
Kaspia,1.0,0.0,0.0
Kaspial,1.0,0.0,0.0
Aserbaidžaan,1.0,0.0,0.0
Kaukaasia,1.0,0.0,0.0
Bakuust,1.0,0.0,0.0
Mägi-Karabahhi,1.0,0.0,0.0
Armeeniale,1.0,0.0,0.0
Kagu-Eesti,2.0,0.0,0.0
Kagu-Eestis,1.0,0.0,0.0
Venemaad,1.0,0.0,0.0
Põlva-,1.0,0.0,0.0
Jõelähtme,2.0,0.0,0.0
USA-s,1.0,0.0,0.0
Islandi,1.0,0.0,0.0
Singapuri,2.0,0.0,0.0
Singapuris,1.0,0.0,0.0
Ascomilt,1.0,0.0,0.0
Põhja-Ameerikas,1.0,0.0,0.0
Ida-Euroopas,1.0,0.0,0.0
Xboxilt,1.0,0.0,0.0
Audenteses,1.0,0.0,0.0
Tallinna-Tartu-Tallinna,1.0,0.0,0.0
Tallinna-Narva-Tallinna,1.0,0.0,0.0
Birminghami,2.0,0.0,0.0
Arrowsi,2.0,1.0,0.0
F1-s,1.0,0.0,0.0
Prantsusmaal,2.0,0.0,0.0
Austraalias,2.0,0.0,0.0
Prost-Ferrari,1.0,0.0,0.0
La,1.0,0.0,0.0
Platas,1.0,0.0,0.0
Argentiinas,1.0,0.0,0.0
Silverstone's,1.0,0.0,0.0
Detroidi,5.0,0.0,0.0
Poola,2.0,0.0,0.0
Saksa-,1.0,0.0,0.0
Dresdeni,1.0,0.0,0.0
Veerenni,1.0,0.0,0.0
Lõuna-Korea,2.0,0.0,0.0
Bostoni,1.0,0.0,0.0
Korea,1.0,0.0,0.0
Aasia,2.0,0.0,0.0
Brasiilias,1.0,0.0,0.0
Stratust,1.0,0.0,0.0
Genfi,1.0,0.0,0.0
Soovisaade,1.0,0.0,0.0
Kirsti,1.0,0.0,3.0
Ameerikast,4.0,0.0,0.0
Buicki,1.0,0.0,0.0
Sandringhamis,1.0,0.0,0.0
Komimaal,1.0,0.0,0.0
Sõktõvkari,1.0,0.0,0.0
Komi,1.0,0.0,0.0
Harris,1.0,0.0,0.0
Malaisia,1.0,0.0,0.0
Socksi,2.0,0.0,0.0
Arkansas'st,1.0,0.0,0.0
Georgetowni,1.0,0.0,0.0
Chappaqua,1.0,0.0,0.0
Elbe,1.0,0.0,1.0
Strasbourg,3.0,0.0,0.0
Holland,1.0,0.0,0.0
Moldova,3.0,0.0,0.0
Ungari,1.0,0.0,0.0
Makedooniaga,1.0,0.0,0.0
Bern,4.0,0.0,0.0
Berni,1.0,0.0,0.0
Gröönimaal,1.0,0.0,0.0
Doonau,1.0,0.0,0.0
Strasbourg'i,2.0,0.0,0.0
Makedoonia,3.0,0.0,0.0
Aafrika,2.0,0.0,0.0
Itaaliale,1.0,0.0,0.0
Shveits,1.0,0.0,0.0
Luksemburgi,1.0,0.0,0.0
Lvov,1.0,0.0,0.0
Võrtsjärve,1.0,0.0,0.0
Estonias,2.0,0.0,0.0
Sundance'i,1.0,0.0,0.0
Utah's,1.0,0.0,0.0
Poor's,1.0,0.0,0.0
Londoni,1.0,0.0,0.0
Pariisi,1.0,0.0,0.0
Mosenergo,1.0,0.0,0.0
Lukoil,1.0,0.0,0.0
Vilniuse,2.0,0.0,0.0
Chicagos,1.0,0.0,0.0
Alba,3.0,0.0,3.0
Chicago,1.0,0.0,0.0
Aleksandria,1.0,0.0,0.0
Saaremaale,1.0,0.0,0.0
Ess'u,1.0,0.0,0.0
Kiievis,1.0,0.0,0.0
Siberisse,1.0,0.0,0.0
Reginaks,1.0,0.0,0.0
Gandharvika,1.0,2.0,5.0
Arjunas,1.0,0.0,0.0
Sildmäe,1.0,0.0,0.0
Ugalas,1.0,0.0,0.0
Valka,1.0,0.0,0.0
Saalomonil,2.0,0.0,0.0
Sagadi,2.0,0.0,0.0
Eestimaale,1.0,0.0,0.0
Jeti,1.0,0.0,0.0
Šotimaalt,4.0,0.0,0.0
Naganos,2.0,0.0,0.0
Amazonase,4.0,0.0,0.0
Leningradi,2.0,0.0,0.0
Odessa,1.0,0.0,0.0
Leningradist,1.0,0.0,0.0
Neeva,1.0,0.0,0.0
Valkla,1.0,0.0,0.0
Pääskülas,2.0,0.0,0.0
Piritale,1.0,0.0,0.0
Lillekülas,1.0,0.0,0.0
Delaware 'i,1.0,0.0,0.0
Marokost,1.0,0.0,0.0
Kalifornias,1.0,0.0,0.0
Mehhikos,1.0,0.0,0.0
Vahemeremaades,1.0,0.0,0.0
Uus-Meremaa,1.0,0.0,0.0
Kanaaridel,1.0,0.0,0.0
Tansaaniani,1.0,0.0,0.0
Kesk-Euroopas,1.0,0.0,0.0
Lõuna-Ameerika,1.0,0.0,0.0
Fancy,1.0,0.0,0.0
Interfaxile,0.0,1.0,0.0
OPEC,0.0,2.0,0.0
Ühispanga,0.0,9.0,0.0
Norma,0.0,8.0,0.0
BNS-ile,0.0,14.0,0.0
Kauppalehti,0.0,1.0,0.0
Aiwa,0.0,1.0,0.0
EL,0.0,9.0,0.0
ETAle,0.0,9.0,0.0
LHV,0.0,1.0,0.0
EMT,0.0,7.0,0.0
SRÜ,0.0,3.0,0.0
Schelling,0.0,1.0,0.0
AS,0.0,2.0,0.0
EVK,0.0,1.0,0.0
ASi,0.0,1.0,0.0
BNS-le,0.0,2.0,0.0
Tavidi,0.0,2.0,0.0
LAV-i,0.0,1.0,0.0
SKP,0.0,4.0,0.0
Eurospordi,0.0,6.0,0.0
Starmani,0.0,1.0,0.0
Eurosport,0.0,1.0,0.0
Frensi,0.0,1.0,1.0
Sebe,0.0,4.0,0.0
LAL,0.0,2.0,0.0
LAL-i,0.0,1.0,0.0
LNNK,0.0,1.0,0.0
Talibor,0.0,1.0,0.0
Talibid,0.0,1.0,0.0
Hansapank,0.0,8.0,0.0
Ühispank,0.0,2.0,0.0
tervishoiuministeeriumi,0.0,1.0,0.0
Reuters,0.0,4.0,0.0
SKP-st,0.0,1.0,0.0
EL-i,0.0,3.0,0.0
KPMG,0.0,7.0,0.0
Lietuvos,0.0,3.0,0.0
Seesam,0.0,1.0,0.0
Salva,0.0,1.0,0.0
Hansapanga,0.0,9.0,0.0
maksuamet,0.0,2.0,0.0
Rimess,0.0,1.0,0.0
Maksuamet,0.0,2.0,0.0
TV1,0.0,3.0,0.0
ELi,0.0,12.0,0.0
Telia,0.0,5.0,0.0
Netcomiga,0.0,1.0,0.0
Teliale,0.0,1.0,0.0
Teliaga,0.0,1.0,0.0
Netcomi,0.0,2.0,0.0
Põhjalas,0.0,1.0,0.0
Telias,0.0,1.0,0.0
TeleDanmarki,0.0,2.0,0.0
SBC,0.0,1.0,0.0
Teliat,0.0,1.0,0.0
TeleDanmark,0.0,2.0,0.0
SBSi,0.0,1.0,0.0
Softbank,0.0,1.0,0.0
Aozora,0.0,1.0,0.0
RRK,0.0,2.0,0.0
Softbanki,0.0,1.0,0.0
Hansabanka,0.0,2.0,0.0
Nordpanga,0.0,1.0,0.0
Liviko,0.0,10.0,0.0
NG,0.0,1.0,0.0
Normas,0.0,1.0,0.0
Avtovazist,0.0,1.0,0.0
Normal,0.0,1.0,0.0
Selverite,0.0,1.0,0.0
Livikosse,0.0,1.0,0.0
Balbiino,0.0,1.0,0.0
Kitman,0.0,1.0,0.0
Microsoft,0.0,2.0,2.0
Microsofti,0.0,4.0,0.0
Microsoftiga,0.0,1.0,0.0
Sky,0.0,1.0,0.0
SEB,0.0,1.0,0.0
Media-Most,0.0,1.0,0.0
NTV,0.0,14.0,0.0
NTV-s,0.0,1.0,0.0
Gazprom,0.0,1.0,1.0
Keskpank,0.0,1.0,0.0
Vabaduse,0.0,4.0,0.0
Maaleht,0.0,3.0,0.0
Stabu,0.0,1.0,0.0
Reformierakond,0.0,13.0,0.0
Reformierakonna,0.0,6.0,0.0
ETV,0.0,3.0,0.0
Sideministeeriumi,0.0,1.0,0.0
Maksuameti,0.0,1.0,0.0
Äripäev,0.0,2.0,0.0
Selver,0.0,1.0,0.0
Hansakeskus,0.0,1.0,0.0
Estikole,0.0,1.0,0.0
Maailmapanga,0.0,3.0,0.0
Postimees,0.0,5.0,0.0
Maailmapank,0.0,1.0,0.0
Maanteeameti,0.0,1.0,0.0
maksuameti,0.0,1.0,0.0
maksuametile,0.0,1.0,0.0
Kadaka,0.0,3.0,1.0
SL,0.0,2.0,0.0
Keskerakonna,0.0,10.0,0.0
Ühispangaga,0.0,1.0,0.0
Keskerakonnast,0.0,1.0,0.0
Bns,0.0,16.0,0.0
Sideamet,0.0,1.0,0.0
Unineti,0.0,1.0,0.0
Kaitseliit,0.0,1.0,0.0
Estonia,0.0,6.0,0.0
TV,0.0,2.0,0.0
Rothko,0.0,1.0,0.0
Newmani,0.0,1.0,0.0
Moskvitshi,0.0,1.0,0.0
kultuuriministeerium,0.0,1.0,0.0
K,0.0,1.0,0.0
Trinitas,0.0,1.0,0.0
Kross,0.0,1.0,0.0
Lennoni,0.0,1.0,1.0
CIA,0.0,1.0,0.0
Kremli,0.0,3.0,0.0
Mustamäe,0.0,1.0,0.0
NU,0.0,1.0,0.0
Washingtoni,0.0,1.0,6.0
Kunstikriitik,0.0,1.0,0.0
Väinmaa,0.0,1.0,0.0
Beethoven,0.0,1.0,0.0
Beethoveni,0.0,1.0,0.0
NHL,0.0,1.0,0.0
NHL-i,0.0,1.0,0.0
TORONTO,0.0,1.0,0.0
MONTREAL,0.0,1.0,0.0
PHOENIX,0.0,1.0,0.0
Mogilny,0.0,1.0,0.0
DALLAS,0.0,1.0,0.0
WASHINGTON,0.0,1.0,0.0
Billington,0.0,1.0,0.0
EDMONTON,0.0,1.0,0.0
VANCOUVER,0.0,1.0,0.0
McEachern,0.0,1.0,0.0
Yashin,0.0,1.0,0.0
LOUIS,0.0,1.0,0.0
Karistusminutid,0.0,1.0,0.0
Liverpooli,0.0,3.0,0.0
Liverpool,0.0,2.0,0.0
Rubins,0.0,1.0,0.0
Derby's,0.0,1.0,0.0
NBA,0.0,2.0,0.0
Kingsil,0.0,1.0,0.0
B,0.0,1.0,0.0
Walker,0.0,1.0,0.0
W,0.0,1.0,0.0
S,0.0,2.0,0.0
Payton,0.0,1.0,0.0
Pattersson,0.0,1.0,0.0
T,0.0,1.0,0.0
Willis,0.0,1.0,0.0
M,0.0,1.0,0.0
LA,0.0,1.0,0.0
Olowokandi,0.0,1.0,0.0
Stojakovic,0.0,1.0,0.0
C,0.0,7.0,0.0
DTM-,0.0,1.0,0.0
Jalgpalliliit,0.0,1.0,0.0
FC,0.0,2.0,3.0
SK,0.0,1.0,0.0
NJK,0.0,1.0,0.0
JK,0.0,1.0,0.0
EJL-i,0.0,1.0,0.0
AEK-i,0.0,1.0,0.0
Kutluay,0.0,1.0,0.0
Hammink,0.0,1.0,0.0
BNS,0.0,4.0,0.0
SFKL,0.0,1.0,0.0
SFKL-is,0.0,1.0,0.0
IBM,0.0,1.0,0.0
ICL,0.0,1.0,0.0
Valmet,0.0,1.0,0.0
Stockmann,0.0,1.0,0.0
Anttila,0.0,1.0,0.0
Pohjola,0.0,1.0,0.0
Yleisradio,0.0,1.0,0.0
Onninen,0.0,1.0,0.0
Ferrari,0.0,3.0,0.0
Telindus,0.0,1.0,0.0
Telinduse,0.0,1.0,0.0
B-grupis,0.0,1.0,0.0
Oostendele,0.0,1.0,0.0
MMi,0.0,2.0,0.0
Start,0.0,1.0,0.0
Strømsgodset,0.0,1.0,1.0
Fædrelandsvenner,0.0,1.0,0.0
IK,0.0,1.0,0.0
Starti,0.0,1.0,0.0
Kalev,0.0,2.0,3.0
Tenno,0.0,1.0,1.0
O,0.0,1.0,0.0
Villers,0.0,1.0,0.0
Pugonen,0.0,1.0,0.0
Kivinukk,0.0,1.0,0.0
Šein,0.0,1.0,0.0
Reinbok,0.0,1.0,0.0
Lips,0.0,1.0,0.0
Hendrikson,0.0,1.0,0.0
Suurorg,0.0,1.0,0.0
Grigorjev,0.0,1.0,1.0
Eaker,0.0,1.0,0.0
Berrien,0.0,1.0,0.0
TÜ-Delta,0.0,1.0,0.0
Nybit,0.0,1.0,1.0
Hotronic,0.0,1.0,0.0
Ehitustööriist,0.0,1.0,0.0
WRX,0.0,1.0,0.0
FIDE,0.0,3.0,0.0
India,0.0,1.0,0.0
MK,0.0,2.0,0.0
TV-le,0.0,1.0,0.0
Kerese,0.0,1.0,2.0
Sõnumilehes,0.0,1.0,0.0
Adidas,0.0,1.0,0.0
ESS,0.0,2.0,0.0
Isamaaliidu,0.0,5.0,0.0
Arengupartei,0.0,3.0,0.0
Iseseisvuspartei,0.0,3.0,0.0
Keskerakond,0.0,4.0,0.0
Isamaaliitu,0.0,7.0,0.0
Arenguparteil,0.0,1.0,0.0
Koonderakond,0.0,2.0,0.0
Justiitsministeeriumi,0.0,2.0,0.0
Rahvaerakond,0.0,2.0,0.0
Mõõdukad,0.0,6.0,0.0
Isamaaliit,0.0,8.0,0.0
Lootsi,0.0,1.0,0.0
Isamaaliiduga,0.0,1.0,0.0
Isamaaliidust,0.0,2.0,0.0
Kaitseliitu,0.0,2.0,0.0
Kaitseliidu,0.0,4.0,0.0
Feira,0.0,1.0,0.0
justiitsministeeriumi,0.0,1.0,0.0
Riigikogu,0.0,16.0,0.0
Kadrioru,0.0,2.0,0.0
EBRD,0.0,4.0,0.0
Raepressile,0.0,1.0,0.0
Mõõdukate,0.0,2.0,0.0
EPMÜ,0.0,10.0,0.0
Internetipanga,0.0,1.0,0.0
Välisministeeriumi,0.0,1.0,0.0
Riigikogule,0.0,1.0,0.0
Edelaraudteel,0.0,2.0,0.0
Riigikogus,0.0,4.0,0.0
Edelaraudtee,0.0,20.0,0.0
LV,0.0,1.0,0.0
Haridusministeeriumi,0.0,1.0,0.0
Edelaraudteega,0.0,3.0,0.0
Postimehele,0.0,2.0,0.0
Rahvaliidu,0.0,1.0,0.0
Leena,0.0,2.0,1.0
Respublika,0.0,2.0,4.0
NATO,0.0,24.0,0.0
NATOga,0.0,1.0,0.0
NATOsse,0.0,1.0,0.0
Raadio,0.0,2.0,0.0
reforme,0.0,1.0,0.0
Toompea,0.0,1.0,0.0
kapo,0.0,1.0,0.0
Kapo,0.0,1.0,0.0
Ekspressi,0.0,2.0,0.0
EPAsse,0.0,1.0,0.0
Postimehe,0.0,1.0,0.0
Pedagoogikaülikooli,0.0,1.0,0.0
Kultuuriväärtusteameti,0.0,1.0,0.0
A,0.0,1.0,1.0
Fjuk,0.0,1.0,0.0
TRÜ,0.0,1.0,0.0
Liidu,0.0,1.0,0.0
EOK,0.0,1.0,0.0
Tervexi,0.0,1.0,0.0
Liivako-K,0.0,1.0,0.0
Keskkriminaalpolitsei,0.0,1.0,0.0
Edelaraudteed,0.0,2.0,0.0
Edelaraudteele,0.0,2.0,0.0
Kaitsetahte,0.0,1.0,0.0
Isamaaliidul,0.0,1.0,0.0
Sotsiaalministeeriumi,0.0,4.0,0.0
sotsiaalministeeriumi,0.0,2.0,0.0
Krediidiinfo,0.0,1.0,0.0
Päästeameti,0.0,2.0,0.0
Purde,0.0,1.0,0.0
Päevalehele,0.0,1.0,0.0
Baltika,0.0,2.0,0.0
PRIA,0.0,1.0,0.0
PRIAsse,0.0,1.0,0.0
Suur-Kaare,0.0,1.0,0.0
Äripev,0.0,1.0,0.0
EL-iga,0.0,4.0,0.0
Emori,0.0,1.0,1.0
A4,0.0,1.0,0.0
Interneti,0.0,1.0,0.0
Keskerakonda,0.0,1.0,0.0
MRP,0.0,1.0,0.0
Kreutzwaldi,0.0,1.0,0.0
EE,0.0,2.0,0.0
Turismiameti,0.0,1.0,0.0
Estravel,0.0,1.0,0.0
Küprian,0.0,1.0,0.0
DN,0.0,3.0,0.0
EKN,0.0,2.0,0.0
EKN-i,0.0,1.0,0.0
Lenini,0.0,1.0,0.0
OÜ,0.0,1.0,0.0
kaitseministeeriumi,0.0,1.0,0.0
Beeksma,0.0,1.0,3.0
NATO-t,0.0,1.0,0.0
Mvougounti,0.0,1.0,0.0
Inkompank,0.0,1.0,0.0
Zeidi,0.0,1.0,0.0
Administratsioon,0.0,1.0,0.0
Reutersile,0.0,2.0,0.0
BBC,0.0,1.0,0.0
NATO-sse,0.0,1.0,0.0
Beta,0.0,1.0,0.0
FBI,0.0,1.0,0.0
ORT,0.0,8.0,0.0
Kommersant,0.0,1.0,0.0
Sloan-Kettering'i,0.0,1.0,0.0
Nature,0.0,1.0,0.0
DU,0.0,2.0,0.0
Guardiani,0.0,1.0,1.0
Independenti,0.0,1.0,0.0
FARC,0.0,1.0,0.0
ELN,0.0,2.0,0.0
FARC-il,0.0,1.0,0.0
FARC-i,0.0,1.0,0.0
ÜRO,0.0,7.0,0.0
Atlanta,0.0,1.0,0.0
Hsing-Hsing,0.0,1.0,0.0
Verimekko,0.0,1.0,1.0
SGN,0.0,1.0,0.0
Cartinid,0.0,1.0,0.0
Adidastega,0.0,1.0,0.0
AP,0.0,1.0,0.0
CNN,0.0,4.0,0.0
NTV -sse,0.0,1.0,0.0
NTV-l,0.0,1.0,0.0
NTV-sse,0.0,1.0,0.0
Talebani,0.0,1.0,0.0
NORC,0.0,1.0,0.0
Florida,0.0,1.0,4.0
OSCE,0.0,1.0,0.0
Sotsiaalminister,0.0,1.0,0.0
Kadriorus,0.0,1.0,0.0
N,0.0,1.0,0.0
Leeds,0.0,1.0,0.0
Toompeal,0.0,1.0,0.0
EPL,0.0,3.0,0.0
Kaitsepolitsei,0.0,1.0,0.0
Cisco,0.0,1.0,0.0
Intel,0.0,1.0,0.0
Ascom,0.0,2.0,3.0
ADSLi,0.0,2.0,0.0
ADSL,0.0,1.0,0.0
Ericssoni,0.0,1.0,0.0
Bluetooth,0.0,3.0,1.0
Bluetoothi,0.0,1.0,0.0
Bluetoothiga,0.0,1.0,0.0
Ericsson,0.0,1.0,0.0
Netifoni,0.0,1.0,0.0
Audentese,0.0,1.0,0.0
Edelarautee,0.0,1.0,0.0
Politseiameti,0.0,1.0,0.0
Vladimirile,0.0,1.0,0.0
VIP-ide,0.0,1.0,0.0
PSN,0.0,1.0,0.0
Mazzacanele,0.0,1.0,0.0
BAR,0.0,1.0,1.0
Auto.com,0.0,2.0,0.0
Infiniti,0.0,1.0,0.0
V8,0.0,1.0,0.0
AAA,0.0,2.0,0.0
AAAl,0.0,1.0,0.0
Hyundaide,0.0,1.0,0.0
A3-le,0.0,1.0,0.0
A6-le,0.0,1.0,0.0
C5,0.0,1.0,0.0
Sebring,0.0,1.0,0.0
Fiati,0.0,1.0,0.0
Mondeo,0.0,1.0,0.0
CR-V,0.0,1.0,0.0
IS300,0.0,1.0,0.0
Mmerlele,0.0,1.0,0.0
Inei,0.0,1.0,0.0
TÜ,0.0,4.0,0.0
Õhtulehe,0.0,1.0,0.0
Akadeemia,0.0,1.0,0.0
Sauter,0.0,1.0,0.0
Klara-varastas-Karlilt-koralli-aga-Karl-Klaralt-klarneti,0.0,1.0,0.0
Õhtulehes,0.0,1.0,0.0
Rohaya,0.0,1.0,0.0
Ekspress,0.0,1.0,0.0
Alpid,0.0,1.0,0.0
Kõrgõõsia,0.0,1.0,0.0
Seltskond,0.0,2.0,0.0
TV3,0.0,1.0,0.0
Orissaare,0.0,1.0,0.0
Ervini,0.0,3.0,1.0
Kiire,0.0,1.0,0.0
Houston,0.0,2.0,3.0
Metro,0.0,1.0,0.0
Penthouse,0.0,1.0,0.0
DirecTV,0.0,1.0,0.0
TALSE,0.0,2.0,0.0
Farmaatsiatehase,0.0,1.0,0.0
Estiko,0.0,1.0,0.0
Viisnurga,0.0,1.0,0.0
Talse,0.0,1.0,0.0
Vodafone,0.0,1.0,0.0
Nasqaqi,0.0,1.0,0.0
RTS,0.0,1.0,0.0
RTS-i,0.0,2.0,0.0
VÜE,0.0,1.0,0.0
Tatneft,0.0,1.0,0.0
RICI,0.0,1.0,0.0
WWW,0.0,1.0,0.0
Napsteri,0.0,1.0,0.0
GFP,0.0,2.0,0.0
InBoili,0.0,1.0,0.0
Ilusama,0.0,1.0,0.0
MTV,0.0,1.0,0.0
Kroonika,0.0,1.0,0.0
Eurocopsi,0.0,1.0,0.0
Vanalinnastuudio,0.0,1.0,0.0
WMF,0.0,1.0,0.0
Myrsinaceae,0.0,1.0,0.0
Aeonium,0.0,1.0,0.0
Columnea,0.0,1.0,0.0
Bougainvillea,0.0,2.0,0.0
Kirjanduse,0.0,1.0,0.0
Nyctaginaceae,0.0,1.0,0.0
Kesk-,0.0,1.0,0.0
Riyadh,0.0,0.0,1.0
Mõis,0.0,0.0,6.0
Mõisa,0.0,0.0,6.0
Voog,0.0,0.0,2.0
Ross,0.0,0.0,2.0
Põhjarannikule,0.0,0.0,1.0
Repo,0.0,0.0,2.0
Suurväli,0.0,0.0,5.0
IOSCO,0.0,0.0,1.0
Kolbakov,0.0,0.0,5.0
Meosele,0.0,0.0,1.0
Kolbakovi,0.0,0.0,2.0
Krassulenkole,0.0,0.0,1.0
Krassulenko,0.0,0.0,2.0
Mõttust,0.0,0.0,1.0
Kolbakovilt,0.0,0.0,1.0
Kolbakovil,0.0,0.0,1.0
Grinblats,0.0,0.0,3.0
Tavid,0.0,0.0,1.0
Berdal,0.0,0.0,4.0
Treude,0.0,0.0,3.0
Singer,0.0,0.0,1.0
Berdali,0.0,0.0,1.0
Singeri,0.0,0.0,2.0
Frens,0.0,0.0,1.0
Paulauskas,0.0,0.0,1.0
Paulauskase,0.0,0.0,1.0
Kallaste,0.0,0.0,1.0
Taisto,0.0,0.0,3.0
Repše,0.0,0.0,8.0
Hunt,0.0,0.0,3.0
Williams,0.0,0.0,1.0
Lionginase,0.0,0.0,1.0
Bumgarner,0.0,0.0,1.0
Järve,0.0,0.0,3.0
Ruusalu,0.0,0.0,1.0
Rosengren,0.0,0.0,1.0
Graversen,0.0,0.0,1.0
Jaaksoo,0.0,0.0,1.0
Aavik,0.0,0.0,9.0
Aaviku,0.0,0.0,1.0
Aavikut,0.0,0.0,1.0
Paju,0.0,0.0,5.0
Jairus,0.0,0.0,1.0
Yahoo,0.0,0.0,2.0
Honma,0.0,0.0,1.0
Robbie,0.0,0.0,1.0
Feldman,0.0,0.0,1.0
Nikkei,0.0,0.0,1.0
Sogo,0.0,0.0,2.0
Jesper,0.0,0.0,1.0
Koll,0.0,0.0,2.0
Neivelt,0.0,0.0,7.0
Nordbanken,0.0,0.0,1.0
Kristiana,0.0,0.0,1.0
Vaarik,0.0,0.0,2.0
Lõhmus,0.0,0.0,4.0
Järvan,0.0,0.0,1.0
Lõhmuse,0.0,0.0,2.0
Uudam,0.0,0.0,1.0
Kunila,0.0,0.0,12.0
Jüri,0.0,0.0,30.0
Käo,0.0,0.0,1.0
Visa,0.0,0.0,1.0
Onistari,0.0,0.0,1.0
Onistar,0.0,0.0,1.0
Straw,0.0,0.0,1.0
Brown,0.0,0.0,1.0
Gussinski,0.0,0.0,7.0
Gussinskit,0.0,0.0,1.0
Soto,0.0,0.0,1.0
Reali,0.0,0.0,1.0
Gazpromi,0.0,0.0,1.0
Turner,0.0,0.0,5.0
Raekojas,0.0,0.0,1.0
Pächter,0.0,0.0,2.0
Visnapuu,0.0,0.0,1.0
Maksimarket,0.0,0.0,1.0
Sauk,0.0,0.0,2.0
Sõrmus,0.0,0.0,1.0
Taistot,0.0,0.0,1.0
Tänav,0.0,0.0,2.0
Taistoga,0.0,0.0,1.0
Reigo,0.0,0.0,1.0
Väli,0.0,0.0,8.0
Välil,0.0,0.0,1.0
Väliga,0.0,0.0,1.0
Finlux,0.0,0.0,1.0
Reap,0.0,0.0,1.0
Jõgi,0.0,0.0,1.0
Aamer,0.0,0.0,1.0
Epl,0.0,0.0,15.0
Reporter,0.0,0.0,1.0
Kivi,0.0,0.0,8.0
Pomerants,0.0,0.0,1.0
Pomerantsi,0.0,0.0,1.0
Joala,0.0,0.0,10.0
Viilup,0.0,0.0,1.0
Andrej,0.0,0.0,1.0
Andrew,0.0,0.0,1.0
Carnegie,0.0,0.0,2.0
Andy,0.0,0.0,23.0
Warhol,0.0,0.0,5.0
Hacketti,0.0,0.0,1.0
Andyt,0.0,0.0,1.0
Warholi,0.0,0.0,7.0
Pollocki,0.0,0.0,1.0
Jackson,0.0,0.0,5.0
Mao,0.0,0.0,1.0
Päevikud,0.0,0.0,2.0
Michelangelo,0.0,0.0,2.0
Peetri,0.0,0.0,1.0
Scooter,0.0,0.0,1.0
Zhpritsi,0.0,0.0,1.0
Gorkiga,0.0,0.0,1.0
LINNATEATER,0.0,0.0,1.0
Linnateater,0.0,0.0,1.0
FESTIVALI,0.0,0.0,1.0
Dostojevski,0.0,0.0,2.0
ETTE,0.0,0.0,1.0
Mõsina,0.0,0.0,2.0
Martensi,0.0,0.0,1.0
Langeveld,0.0,0.0,1.0
Jefimoviga,0.0,0.0,1.0
Areenis,0.0,0.0,1.0
Duchamp'i,0.0,0.0,1.0
Curiosities,0.0,0.0,1.0
Kondase,0.0,0.0,1.0
Christie,0.0,0.0,1.0
Washingtonist,0.0,0.0,1.0
Ramage,0.0,0.0,1.0
Robini,0.0,0.0,1.0
Evi,0.0,0.0,1.0
Magda,0.0,0.0,1.0
Fassbinderi,0.0,0.0,1.0
Schmitti,0.0,0.0,1.0
Tulevi,0.0,0.0,2.0
SCHNITTKE,0.0,0.0,1.0
SELGED,0.0,0.0,1.0
Tulevit,0.0,0.0,1.0
Schnittket,0.0,0.0,1.0
Schnittke,0.0,0.0,1.0
Kremer,0.0,0.0,1.0
Mahleri,0.0,0.0,1.0
Columbuse,0.0,0.0,2.0
Avalanchel,0.0,0.0,1.0
Mogilnõilt,0.0,0.0,1.0
Mogilnõi,0.0,0.0,3.0
Turco,0.0,0.0,2.0
Capitlasi,0.0,0.0,2.0
Tortorellale,0.0,0.0,1.0
Lightningi,0.0,0.0,1.0
Modin,0.0,0.0,1.0
Holzinger,0.0,0.0,1.0
Joseph,0.0,0.0,1.0
Cloutier,0.0,0.0,1.0
Samsonov,0.0,0.0,1.0
Holik,0.0,0.0,2.0
Brõlin,0.0,0.0,2.0
Phoenix,0.0,0.0,1.0
Nieuwendyk,0.0,0.0,1.0
Ferraro,0.0,0.0,1.0
Audette,0.0,0.0,1.0
Forsberg,0.0,0.0,1.0
Deadmarsh,0.0,0.0,1.0
Drury,0.0,0.0,1.0
Sakic,0.0,0.0,1.0
Columbus,0.0,0.0,1.0
Denis,0.0,0.0,1.0
Roy,0.0,0.0,1.0
Pellerin,0.0,0.0,1.0
Fernandez,0.0,0.0,1.0
Washington,0.0,0.0,1.0
Arhipov,0.0,0.0,1.0
Valicevic,0.0,0.0,1.0
Nashville,0.0,0.0,1.0
Dunham,0.0,0.0,1.0
Arvedson,0.0,0.0,1.0
Alfredsson,0.0,0.0,2.0
Rachunek,0.0,0.0,1.0
Ottawa,0.0,0.0,1.0
Salvador,0.0,0.0,1.0
Tverdovski,0.0,0.0,1.0
Nash,0.0,0.0,2.0
Johnson,0.0,0.0,1.0
Jason,0.0,0.0,1.0
Ray,0.0,0.0,1.0
Shvets,0.0,0.0,1.0
Pareiko,0.0,0.0,3.0
Tohver,0.0,0.0,3.0
Kazakov,0.0,0.0,1.0
Pohlak,0.0,0.0,1.0
Kazakovil,0.0,0.0,1.0
Lehiste,0.0,0.0,1.0
Litmanen,0.0,0.0,1.0
Morrison,0.0,0.0,1.0
Smicer,0.0,0.0,1.0
McKie,0.0,0.0,2.0
Potapenko,0.0,0.0,1.0
Howard,0.0,0.0,1.0
Smith,0.0,0.0,1.0
Carter,0.0,0.0,1.0
Stoudamire,0.0,0.0,1.0
Webber,0.0,0.0,1.0
Pollard,0.0,0.0,1.0
Miller,0.0,0.0,1.0
IDA,0.0,0.0,2.0
PÕHI,0.0,0.0,2.0
Feeling,0.0,0.0,1.0
Viimsi,0.0,0.0,1.0
Spartak,0.0,0.0,1.0
Käbi,0.0,0.0,1.0
Georgia,0.0,0.0,1.0
Kõrvemaa,0.0,0.0,1.0
Hatzis,0.0,0.0,1.0
Lee,0.0,0.0,1.0
Niinepuul,0.0,0.0,1.0
Niinepuult,0.0,0.0,1.0
Niinepuu,0.0,0.0,13.0
Niinepuule,0.0,0.0,2.0
AIVAR,0.0,0.0,1.0
VADI,0.0,0.0,1.0
Firmabowling,0.0,0.0,1.0
Finnair,0.0,0.0,1.0
Fazer,0.0,0.0,1.0
Paulig,0.0,0.0,1.0
Siemens,0.0,0.0,1.0
Helkama,0.0,0.0,1.0
Raudalu,0.0,0.0,1.0
Vaidla,0.0,0.0,1.0
Tohveriga,0.0,0.0,1.0
Maradona,0.0,0.0,2.0
Hingis,0.0,0.0,1.0
Schumacherile,0.0,0.0,1.0
Märtin,0.0,0.0,11.0
Arai,0.0,0.0,7.0
Märtinit,0.0,0.0,1.0
Karin,0.0,0.0,6.0
Liis,0.0,0.0,2.0
Urmas,0.0,0.0,2.0
Šge,0.0,0.0,1.0
Klubi,0.0,0.0,1.0
Drangsholvi,0.0,0.0,1.0
Drangsholv,0.0,0.0,2.0
Kalevi,0.0,0.0,3.0
Nybiti,0.0,0.0,2.0
Varblase,0.0,0.0,1.0
Sokku,0.0,0.0,1.0
Teniste,0.0,0.0,2.0
Kerde,0.0,0.0,1.0
Katrin,0.0,0.0,3.0
Kristina,0.0,0.0,12.0
Neumannova,0.0,0.0,3.0
Neumannovaga,0.0,0.0,1.0
Kristinat,0.0,0.0,1.0
Katrinit,0.0,0.0,1.0
Tšepalova,0.0,0.0,3.0
Paruzzi,0.0,0.0,1.0
Scott,0.0,0.0,1.0
Tšepalovaga,0.0,0.0,1.0
Šmigunide,0.0,0.0,2.0
Anatoli,0.0,0.0,1.0
Katriniga,0.0,0.0,1.0
Rumma,0.0,0.0,2.0
Nikolotov,0.0,0.0,2.0
Saag,0.0,0.0,2.0
Metstak,0.0,0.0,3.0
Erkmaa,0.0,0.0,1.0
Melnik,0.0,0.0,2.0
Allingu,0.0,0.0,2.0
Lokutsievski,0.0,0.0,1.0
Moore,0.0,0.0,2.0
Ruut,0.0,0.0,1.0
Kaljula,0.0,0.0,1.0
Vinni,0.0,0.0,1.0
Sõber,0.0,0.0,1.0
Subaru,0.0,0.0,5.0
Mariine,0.0,0.0,1.0
Märtinile,0.0,0.0,1.0
Märtinil,0.0,0.0,2.0
Burns,0.0,0.0,1.0
Märtini,0.0,0.0,1.0
Märtinilt,0.0,0.0,1.0
Hassan,0.0,0.0,1.0
Kasparovi,0.0,0.0,1.0
Kramnikul,0.0,0.0,1.0
Skarist,0.0,0.0,1.0
Neumannovat,0.0,0.0,1.0
Belmondo,0.0,0.0,1.0
Paruzzile,0.0,0.0,1.0
Olli,0.0,0.0,1.0
Oll,0.0,0.0,2.0
Polgar,0.0,0.0,3.0
Polgari,0.0,0.0,2.0
Timmani,0.0,0.0,1.0
Tammertile,0.0,0.0,1.0
Tammert,0.0,0.0,1.0
Mazzacanet,0.0,0.0,1.0
Nool,0.0,0.0,4.0
Aaviksoo,0.0,0.0,3.0
Kuusk,0.0,0.0,1.0
Kuuse,0.0,0.0,3.0
Kriiskalt,0.0,0.0,1.0
Barbo,0.0,0.0,2.0
Kranichi,0.0,0.0,1.0
Kranich,0.0,0.0,3.0
Padjus,0.0,0.0,1.0
Kalda,0.0,0.0,7.0
Jõksi,0.0,0.0,1.0
Meri,0.0,0.0,9.0
Varkeli,0.0,0.0,1.0
Luik,0.0,0.0,2.0
Kunnas,0.0,0.0,2.0
Michelson,0.0,0.0,1.0
Moora,0.0,0.0,1.0
Kunnase,0.0,0.0,1.0
Michelsoni,0.0,0.0,1.0
Kliimaküsimus,0.0,0.0,1.0
Batmani,0.0,0.0,1.0
Saaristi,0.0,0.0,2.0
Sõer,0.0,0.0,2.0
Herodese,0.0,0.0,1.0
Perssoni,0.0,0.0,1.0
Vilba,0.0,0.0,2.0
Pakosta,0.0,0.0,10.0
Koppeli,0.0,0.0,1.0
Koppel,0.0,0.0,4.0
Linde,0.0,0.0,2.0
Merits,0.0,0.0,1.0
Kreis,0.0,0.0,1.0
Lekko,0.0,0.0,2.0
Paavel,0.0,0.0,1.0
Loit,0.0,0.0,2.0
Loidi,0.0,0.0,1.0
Keldrima,0.0,0.0,1.0
Jürgensoni,0.0,0.0,1.0
Reiljani,0.0,0.0,2.0
Jürgensonile,0.0,0.0,1.0
Kreitzberg,0.0,0.0,2.0
Reiljan,0.0,0.0,1.0
Jürgenson,0.0,0.0,1.0
Lukas,0.0,0.0,2.0
Müllersonil,0.0,0.0,1.0
Pihlakasel,0.0,0.0,1.0
Tarand,0.0,0.0,3.0
Sootak,0.0,0.0,1.0
Raigo,0.0,0.0,28.0
Raigol,0.0,0.0,7.0
Kristi,0.0,0.0,3.0
Inga,0.0,0.0,1.0
Eva,0.0,0.0,1.0
Siina,0.0,0.0,1.0
Raigost,0.0,0.0,1.0
Kulemaje,0.0,0.0,1.0
Tiesenhauseni,0.0,0.0,4.0
Tiesenhausenid,0.0,0.0,1.0
Toim,0.0,0.0,1.0
Maie,0.0,0.0,1.0
Tiesenhausen,0.0,0.0,2.0
Kurvitsaga,0.0,0.0,1.0
Bergert,0.0,0.0,6.0
Kurvits,0.0,0.0,1.0
Tiit,0.0,0.0,3.0
BLUFOLOOG,0.0,0.0,1.0
Danilewski,0.0,0.0,8.0
Danilewskil,0.0,0.0,1.0
Danilewskiga,0.0,0.0,1.0
Danilewskilt,0.0,0.0,1.0
Danilewskit,0.0,0.0,1.0
Tehvandi,0.0,0.0,3.0
Meema,0.0,0.0,17.0
Erich,0.0,0.0,5.0
Heido,0.0,0.0,3.0
Ago,0.0,0.0,2.0
Kikas,0.0,0.0,2.0
Tiiu,0.0,0.0,2.0
Raidal,0.0,0.0,1.0
Meemal,0.0,0.0,1.0
Rull,0.0,0.0,1.0
Vello,0.0,0.0,1.0
Kauba,0.0,0.0,1.0
Augustovitshiga,0.0,0.0,1.0
Atkoks,0.0,0.0,1.0
Fadejevi,0.0,0.0,1.0
Atko,0.0,0.0,1.0
Paali,0.0,0.0,1.0
Provalov,0.0,0.0,4.0
Ilves,0.0,0.0,7.0
Year,0.0,0.0,1.0
SHalov,0.0,0.0,1.0
Liivakant,0.0,0.0,2.0
Polištšuk,0.0,0.0,1.0
Kuusik,0.0,0.0,5.0
Märtsiks,0.0,0.0,1.0
Central,0.0,0.0,1.0
Tarkovski,0.0,0.0,15.0
Forniksi,0.0,0.0,2.0
Mardna,0.0,0.0,8.0
Forniks,0.0,0.0,9.0
Tarkovskil,0.0,0.0,4.0
Lindmäe,0.0,0.0,6.0
Forniksil,0.0,0.0,2.0
Tarkovskiga,0.0,0.0,2.0
Tappo,0.0,0.0,2.0
Clinica,0.0,0.0,2.0
Pree,0.0,0.0,2.0
Forniksilt,0.0,0.0,1.0
Uit,0.0,0.0,3.0
Naiskodukakaitse,0.0,0.0,1.0
Küprianiga,0.0,0.0,1.0
Pillerkaarile,0.0,0.0,1.0
Moore'i,0.0,0.0,1.0
Kamee,0.0,0.0,1.0
Raamets,0.0,0.0,1.0
Külmiku,0.0,0.0,1.0
Kalamees,0.0,0.0,5.0
Lumani,0.0,0.0,2.0
Luman,0.0,0.0,3.0
Niilusest,0.0,0.0,1.0
Pilv,0.0,0.0,1.0
Ots,0.0,0.0,1.0
Koidule,0.0,0.0,1.0
Niilusele,0.0,0.0,1.0
Koidu,0.0,0.0,2.0
Niiluse,0.0,0.0,2.0
Otsa,0.0,0.0,1.0
Abdul,0.0,0.0,1.0
Mahadinini,0.0,0.0,1.0
Abdulil,0.0,0.0,1.0
Mahadil,0.0,0.0,1.0
Abduli,0.0,0.0,1.0
Tammelauri,0.0,0.0,2.0
Relve,0.0,0.0,3.0
Ilvese,0.0,0.0,1.0
Hundi,0.0,0.0,1.0
KAUPA,0.0,0.0,1.0
Pärnoja,0.0,0.0,3.0
Sauli,0.0,0.0,1.0
Saul,0.0,0.0,3.0
Savonlinja,0.0,0.0,1.0
Lindet,0.0,0.0,2.0
Sepp,0.0,0.0,2.0
Shanin,0.0,0.0,2.0
Arukaevu,0.0,0.0,3.0
Shanini,0.0,0.0,1.0
Oja,0.0,0.0,1.0
Raid,0.0,0.0,1.0
Murumaa,0.0,0.0,1.0
Takise,0.0,0.0,1.0
Takis,0.0,0.0,1.0
Vanhanen,0.0,0.0,1.0
VALMPS,0.0,0.0,1.0
Leemetsa,0.0,0.0,2.0
Leemets,0.0,0.0,1.0
Adlas,0.0,0.0,1.0
Adlase,0.0,0.0,1.0
Karu,0.0,0.0,3.0
Jaani,0.0,0.0,1.0
Tõnismäe,0.0,0.0,1.0
Rabe,0.0,0.0,5.0
Julie,0.0,0.0,1.0
Henrik,0.0,0.0,1.0
Henriku,0.0,0.0,1.0
Maxi,0.0,0.0,1.0
Rabet,0.0,0.0,1.0
Rabel,0.0,0.0,1.0
Kreitzbergi,0.0,0.0,1.0
MINISTRITEL,0.0,0.0,1.0
ORDENITE,0.0,0.0,1.0
Tavast,0.0,0.0,1.0
Raasikul,0.0,0.0,1.0
Kornukov,0.0,0.0,2.0
Interpoli,0.0,0.0,1.0
Soglajevit,0.0,0.0,1.0
Soglajev,0.0,0.0,1.0
Pulka,0.0,0.0,1.0
Adamkus,0.0,0.0,2.0
Persson,0.0,0.0,1.0
Adamkuse,0.0,0.0,1.0
Zeid,0.0,0.0,1.0
Andriukaitise,0.0,0.0,1.0
Vike-Freiberga,0.0,0.0,1.0
Kostunica,0.0,0.0,4.0
Kostunicale,0.0,0.0,1.0
Laden,0.0,0.0,1.0
Cole,0.0,0.0,1.0
Cohen,0.0,0.0,3.0
Berezovski,0.0,0.0,8.0
Putin,0.0,0.0,2.0
Abramovitš,0.0,0.0,1.0
Melanoma,0.0,0.0,2.0
Velez,0.0,0.0,1.0
Pastrana,0.0,0.0,1.0
Turbay,0.0,0.0,1.0
Plavsic,0.0,0.0,6.0
Plavsici,0.0,0.0,3.0
Karadzic,0.0,0.0,1.0
Gorbatšov,0.0,0.0,1.0
Schröder,0.0,0.0,1.0
Schröderit,0.0,0.0,1.0
Ling-Ling,0.0,0.0,1.0
Sharon,0.0,0.0,6.0
Sharoni,0.0,0.0,3.0
Clinton,0.0,0.0,2.0
Clintoni,0.0,0.0,2.0
Paakkaneni,0.0,0.0,2.0
Grünstein,0.0,0.0,1.0
Paakkanen,0.0,0.0,1.0
Paakkanenile,0.0,0.0,1.0
Gerard'i,0.0,0.0,1.0
Gerard,0.0,0.0,1.0
Ho,0.0,0.0,4.0
Internatsionaali,0.0,0.0,1.0
Dong,0.0,0.0,2.0
Dongil,0.0,0.0,1.0
Xang,0.0,0.0,1.0
Trong,0.0,0.0,1.0
Robertsoni,0.0,0.0,3.0
Robertson,0.0,0.0,6.0
Turneril,0.0,0.0,3.0
Putiniga,0.0,0.0,1.0
Turneri,0.0,0.0,1.0
Turneriga,0.0,0.0,1.0
Gusssinski,0.0,0.0,1.0
Barak,0.0,0.0,1.0
Baraki,0.0,0.0,1.0
Ladenit,0.0,0.0,1.0
Chavezi,0.0,0.0,3.0
Mercado,0.0,0.0,4.0
Tereza,0.0,0.0,1.0
Bush,0.0,0.0,2.0
Chavez,0.0,0.0,6.0
Bushi,0.0,0.0,3.0
Newsday,0.0,0.0,1.0
Carroll,0.0,0.0,1.0
Gecast,0.0,0.0,1.0
Gecase,0.0,0.0,1.0
Coheni,0.0,0.0,1.0
Annan,0.0,0.0,1.0
Eckhard,0.0,0.0,1.0
Pinocheti,0.0,0.0,6.0
Pinochetile,0.0,0.0,1.0
Guzman,0.0,0.0,2.0
Pinochetti,0.0,0.0,1.0
Pinochet,0.0,0.0,1.0
Pinochetil,0.0,0.0,1.0
EGIPTUS,0.0,0.0,1.0
UUEKS,0.0,0.0,1.0
SÕJAKS,0.0,0.0,1.0
VALMIS,0.0,0.0,1.0
JORDAANIA,0.0,0.0,1.0
Schröderi,0.0,0.0,1.0
Tribune'i,0.0,0.0,1.0
McManus,0.0,0.0,1.0
HIRM,0.0,0.0,1.0
BAKUU,0.0,0.0,1.0
Asebaidžaani,0.0,0.0,1.0
Putini,0.0,0.0,1.0
Lennart,0.0,0.0,1.0
Kolumnist,0.0,0.0,2.0
KOLLEEGILE,0.0,0.0,1.0
Kirde-Eestis,0.0,0.0,1.0
Raun,0.0,0.0,1.0
Tõnismäel,0.0,0.0,1.0
Marxi,0.0,0.0,1.0
KOOLIDE,0.0,0.0,1.0
Leib,0.0,0.0,1.0
Kont,0.0,0.0,1.0
Remmelg,0.0,0.0,5.0
Eero,0.0,0.0,1.0
Rammelg,0.0,0.0,1.0
Põldsammi,0.0,0.0,2.0
Põldsamm,0.0,0.0,1.0
Bill,0.0,0.0,1.0
Gates,0.0,0.0,2.0
Disney,0.0,0.0,1.0
Blackley,0.0,0.0,1.0
Xboxi,0.0,0.0,1.0
Acclaim,0.0,0.0,1.0
Xbox,0.0,0.0,1.0
Playstation,0.0,0.0,1.0
Karini,0.0,0.0,2.0
Kersti,0.0,0.0,7.0
Paul-Kristjani,0.0,0.0,1.0
LIGI,0.0,0.0,1.0
SÕNUL,0.0,0.0,1.0
Ligi,0.0,0.0,2.0
Põiklik,0.0,0.0,2.0
Lehe,0.0,0.0,1.0
Laving,0.0,0.0,1.0
Artur,0.0,0.0,1.0
Helve,0.0,0.0,1.0
Arturil,0.0,0.0,1.0
Viktori,0.0,0.0,1.0
Vladimiri,0.0,0.0,1.0
Merike,0.0,0.0,2.0
Danil,0.0,0.0,1.0
Arrowsile,0.0,0.0,1.0
Arows,0.0,0.0,1.0
Pizzonia,0.0,0.0,3.0
Antonia,0.0,0.0,1.0
Antonio,0.0,0.0,1.0
Gerrish,0.0,0.0,1.0
Pizzoniat,0.0,0.0,1.0
Minardi,0.0,0.0,2.0
Antoniole,0.0,0.0,1.0
Gastonit,0.0,0.0,1.0
Alesi,0.0,0.0,1.0
Mazzacane,0.0,0.0,3.0
Mazzacanesse,0.0,0.0,1.0
Prosti,0.0,0.0,2.0
Vallline,0.0,0.0,1.0
Williamsi,0.0,0.0,1.0
Räikkönen,0.0,0.0,1.0
Silverstone,0.0,0.0,1.0
Eddie,0.0,0.0,1.0
Crossfire'i,0.0,0.0,1.0
Chevrolet,0.0,0.0,1.0
Trac,0.0,0.0,1.0
Mazda,0.0,0.0,1.0
Saarelaid,0.0,0.0,1.0
Coupé,0.0,0.0,2.0
Avant,0.0,0.0,1.0
Tacuma,0.0,0.0,1.0
Lanos,0.0,0.0,1.0
Maverick,0.0,0.0,1.0
Civic,0.0,0.0,1.0
Stream,0.0,0.0,1.0
Lada,0.0,0.0,1.0
Tõnis,0.0,0.0,4.0
Erilaid,0.0,0.0,19.0
Erilaiul,0.0,0.0,3.0
Erilaiule,0.0,0.0,1.0
Erilaiu,0.0,0.0,1.0
Koorberg,0.0,0.0,2.0
ERILAID,0.0,0.0,2.0
Erilaidu,0.0,0.0,1.0
Mari-tervitab-Jüri,0.0,0.0,1.0
Tõnisega,0.0,0.0,1.0
Vainküla,0.0,0.0,3.0
Kaalep,0.0,0.0,2.0
Kaalepi,0.0,0.0,1.0
Kender,0.0,0.0,1.0
Pino,0.0,0.0,1.0
Buick,0.0,0.0,2.0
Berends,0.0,0.0,1.0
Kukus,0.0,0.0,1.0
Nõgene,0.0,0.0,1.0
Tõnise,0.0,0.0,1.0
Margaret,0.0,0.0,3.0
Margareti,0.0,0.0,1.0
Šadrin,0.0,0.0,1.0
Spears,0.0,0.0,1.0
Oops,0.0,0.0,1.0
Blackwelli,0.0,0.0,1.0
Björki,0.0,0.0,1.0
Blackwell,0.0,0.0,1.0
Suhaida,0.0,0.0,2.0
Jacksoni,0.0,0.0,2.0
Kids,0.0,0.0,1.0
HIStoryt,0.0,0.0,1.0
Jacksonite,0.0,0.0,1.0
Randy,0.0,0.0,1.0
Jermaine,0.0,0.0,1.0
Marlon,0.0,0.0,1.0
Tito,0.0,0.0,1.0
Jackie,0.0,0.0,1.0
Hillary,0.0,0.0,1.0
Clintonid,0.0,0.0,1.0
Socks,0.0,0.0,4.0
Clintonitega,0.0,0.0,1.0
Chelseat,0.0,0.0,1.0
Currie'le,0.0,0.0,1.0
Buddy,0.0,0.0,3.0
Clintonite,0.0,0.0,1.0
Buddyga,0.0,0.0,1.0
Siewert,0.0,0.0,1.0
Silvet,0.0,0.0,1.0
Ojassalu,0.0,0.0,2.0
Jeesust,0.0,0.0,1.0
Jeesus,0.0,0.0,1.0
Mäggi,0.0,0.0,3.0
Laar,0.0,0.0,3.0
Laari,0.0,0.0,1.0
Laarile,0.0,0.0,1.0
Laaril,0.0,0.0,1.0
Päll,0.0,0.0,1.0
Lviv,0.0,0.0,1.0
Pälli,0.0,0.0,1.0
Bavaaria,0.0,0.0,1.0
Baieriga,0.0,0.0,1.0
Tatjana,0.0,0.0,5.0
Piret,0.0,0.0,3.0
Pille,0.0,0.0,6.0
Külli,0.0,0.0,1.0
Pillet,0.0,0.0,1.0
Saluri,0.0,0.0,1.0
Abel,0.0,0.0,9.0
Nõmmik,0.0,0.0,6.0
Abeli,0.0,0.0,2.0
Ervin,0.0,0.0,15.0
Ervinile,0.0,0.0,2.0
Sulev,0.0,0.0,8.0
Erviniga,0.0,0.0,2.0
Tamara,0.0,0.0,15.0
Margusel,0.0,0.0,1.0
Tamaralt,0.0,0.0,1.0
Tamaral,0.0,0.0,5.0
Moidelat,0.0,0.0,1.0
Moidela,0.0,0.0,1.0
Kiirest,0.0,0.0,1.0
Ervinil,0.0,0.0,1.0
Suleviga,0.0,0.0,1.0
Sulevil,0.0,0.0,1.0
Nahkhiir,0.0,0.0,1.0
Abelile,0.0,0.0,1.0
Margus,0.0,0.0,4.0
Birgit,0.0,0.0,1.0
Nõmmikut,0.0,0.0,1.0
Ervinilt,0.0,0.0,1.0
Nicole,0.0,0.0,1.0
Chong,0.0,0.0,1.0
Chongi,0.0,0.0,6.0
Jasmine,0.0,0.0,1.0
Hilton,0.0,0.0,1.0
Kac,0.0,0.0,1.0
Juanist,0.0,0.0,1.0
Juanil,0.0,0.0,1.0
Teresa,0.0,0.0,1.0
Elo,0.0,0.0,14.0
Sass,0.0,0.0,5.0
Kõue,0.0,0.0,1.0
Uko-Aija,0.0,0.0,1.0
Elol,0.0,0.0,1.0
Tiina,0.0,0.0,20.0
Tiinale,0.0,0.0,3.0
Elu,0.0,0.0,3.0
Balzaci,0.0,0.0,1.0
Dostojevskiga,0.0,0.0,1.0
Tiinast,0.0,0.0,1.0
Ja,0.0,0.0,1.0
Regina,0.0,0.0,1.0
Arjuna,0.0,0.0,6.0
Krishnausulised,0.0,0.0,1.0
Gandharvikale,0.0,0.0,1.0
Arjunal,0.0,0.0,1.0
Tarmo,0.0,0.0,1.0
Kerttule,0.0,0.0,1.0
Kerttu,0.0,0.0,1.0
Pisike,0.0,0.0,1.0
Timmer,0.0,0.0,1.0
Laasmäe,0.0,0.0,1.0
Maria,0.0,0.0,4.0
Avdjushko,0.0,0.0,1.0
Kristuse,0.0,0.0,1.0
Andrea,0.0,0.0,2.0
Birgitil,0.0,0.0,1.0
Greet,0.0,0.0,1.0
Bulls,0.0,0.0,1.0
Mari,0.0,0.0,1.0
Eric,0.0,0.0,4.0
Raimole,0.0,0.0,1.0
Liisi,0.0,0.0,1.0
Raimo,0.0,0.0,8.0
Liisu,0.0,0.0,2.0
Ericu,0.0,0.0,1.0
Liisuga,0.0,0.0,2.0
Alice,0.0,0.0,1.0
Andrei,0.0,0.0,2.0
Alice'i,0.0,0.0,2.0
Laurit,0.0,0.0,1.0
Merle,0.0,0.0,2.0
Lauri,0.0,0.0,4.0
Laurist,0.0,0.0,2.0
Malle,0.0,0.0,4.0
Saalomon,0.0,0.0,4.0
Elvi,0.0,0.0,6.0
Merikese,0.0,0.0,1.0
Kaljole,0.0,0.0,1.0
Kaljo,0.0,0.0,1.0
Pamelale,0.0,0.0,1.0
Karinile,0.0,0.0,1.0
Leo,0.0,0.0,4.0
Karinit,0.0,0.0,2.0
Toomas,0.0,0.0,2.0
Haide,0.0,0.0,3.0
Toomasel,0.0,0.0,1.0
Pamela,0.0,0.0,4.0
Pamelal,0.0,0.0,1.0
Karinil,0.0,0.0,1.0
Popotshka,0.0,0.0,1.0
Sarah,0.0,0.0,1.0
Papageno,0.0,0.0,1.0
Veikot,0.0,0.0,2.0
Jürist,0.0,0.0,1.0
Elle,0.0,0.0,1.0
Jüril,0.0,0.0,1.0
Carusost,0.0,0.0,1.0
Margaretet,0.0,0.0,1.0
Kalju,0.0,0.0,1.0
Timmut,0.0,0.0,1.0
Ants,0.0,0.0,1.0
Veikole,0.0,0.0,2.0
Katjat,0.0,0.0,2.0
Katja,0.0,0.0,2.0
Helje,0.0,0.0,12.0
Martin,0.0,0.0,4.0
Bodum,0.0,0.0,1.0
Heili,0.0,0.0,3.0
Mart,0.0,0.0,1.0
Terassile,0.0,0.0,1.0
Martinile,0.0,0.0,1.0
Heljel,0.0,0.0,1.0
Elna,0.0,0.0,1.0
Puiskestvikku,0.0,0.0,1.0
Schwarzkopf,0.0,0.0,1.0
Pott,0.0,0.0,1.0
Mortoni,0.0,0.0,1.0
